time,images
0:0:0:100,DJI_0010.JPG,DJI_0011.JPG,DJI_0012.JPG,DJI_0013.JPG,DJI_0046.JPG,DJI_0047.JPG,DJI_0048.JPG,DJI_0049.JPG,DJI_0055.JPG,DJI_0056.JPG,DJI_0057.JPG,DJI_0094.JPG,DJI_0095.JPG,DJI_0096.JPG ,
 ,
0:0:0:200,DJI_0010.JPG,DJI_0011.JPG,DJI_0012.JPG,DJI_0013.JPG,DJI_0046.JPG,DJI_0047.JPG,DJI_0048.JPG,DJI_0049.JPG,DJI_0055.JPG,DJI_0056.JPG,DJI_0057.JPG,DJI_0094.JPG,DJI_0095.JPG,DJI_0096.JPG,DJI_0105.JPG,DJI_0106.JPG,DJI_0107.JPG ,
 ,
0:0:0:300,DJI_0010.JPG,DJI_0011.JPG,DJI_0012.JPG,DJI_0013.JPG,DJI_0046.JPG,DJI_0047.JPG,DJI_0048.JPG,DJI_0049.JPG,DJI_0055.JPG,DJI_0056.JPG,DJI_0057.JPG,DJI_0094.JPG,DJI_0095.JPG,DJI_0096.JPG,DJI_0097.JPG,DJI_0105.JPG,DJI_0106.JPG,DJI_0107.JPG ,
 ,
0:0:0:400,DJI_0010.JPG,DJI_0011.JPG,DJI_0012.JPG,DJI_0013.JPG,DJI_0046.JPG,DJI_0047.JPG,DJI_0048.JPG,DJI_0049.JPG,DJI_0055.JPG,DJI_0056.JPG,DJI_0057.JPG,DJI_0094.JPG,DJI_0095.JPG,DJI_0096.JPG,DJI_0097.JPG,DJI_0105.JPG,DJI_0106.JPG,DJI_0107.JPG,DJI_0148.JPG ,
 ,
0:0:0:500,DJI_0010.JPG,DJI_0011.JPG,DJI_0012.JPG,DJI_0013.JPG,DJI_0046.JPG,DJI_0047.JPG,DJI_0048.JPG,DJI_0049.JPG,DJI_0055.JPG,DJI_0056.JPG,DJI_0057.JPG,DJI_0094.JPG,DJI_0095.JPG,DJI_0096.JPG,DJI_0097.JPG,DJI_0105.JPG,DJI_0106.JPG,DJI_0107.JPG,DJI_0148.JPG ,
 ,
0:0:0:600,DJI_0010.JPG,DJI_0011.JPG,DJI_0012.JPG,DJI_0046.JPG,DJI_0047.JPG,DJI_0048.JPG,DJI_0049.JPG,DJI_0055.JPG,DJI_0056.JPG,DJI_0057.JPG,DJI_0094.JPG,DJI_0095.JPG,DJI_0096.JPG,DJI_0097.JPG,DJI_0105.JPG,DJI_0106.JPG,DJI_0107.JPG,DJI_0148.JPG,DJI_0149.JPG ,
 ,
0:0:0:700,DJI_0010.JPG,DJI_0011.JPG,DJI_0012.JPG,DJI_0046.JPG,DJI_0047.JPG,DJI_0048.JPG,DJI_0049.JPG,DJI_0055.JPG,DJI_0056.JPG,DJI_0057.JPG,DJI_0094.JPG,DJI_0095.JPG,DJI_0096.JPG,DJI_0097.JPG,DJI_0105.JPG,DJI_0106.JPG,DJI_0107.JPG,DJI_0148.JPG,DJI_0149.JPG ,
 ,
0:0:0:800,DJI_0010.JPG,DJI_0011.JPG,DJI_0012.JPG,DJI_0046.JPG,DJI_0047.JPG,DJI_0048.JPG,DJI_0049.JPG,DJI_0055.JPG,DJI_0056.JPG,DJI_0057.JPG,DJI_0094.JPG,DJI_0095.JPG,DJI_0096.JPG,DJI_0097.JPG,DJI_0105.JPG,DJI_0106.JPG,DJI_0107.JPG,DJI_0148.JPG,DJI_0149.JPG ,
 ,
0:0:0:900,DJI_0010.JPG,DJI_0011.JPG,DJI_0012.JPG,DJI_0046.JPG,DJI_0047.JPG,DJI_0048.JPG,DJI_0049.JPG,DJI_0055.JPG,DJI_0056.JPG,DJI_0057.JPG,DJI_0094.JPG,DJI_0095.JPG,DJI_0096.JPG,DJI_0097.JPG,DJI_0105.JPG,DJI_0106.JPG,DJI_0107.JPG,DJI_0147.JPG,DJI_0148.JPG,DJI_0149.JPG ,
 ,
0:0:1:0,DJI_0010.JPG,DJI_0011.JPG,DJI_0012.JPG,DJI_0046.JPG,DJI_0047.JPG,DJI_0048.JPG,DJI_0049.JPG,DJI_0055.JPG,DJI_0056.JPG,DJI_0057.JPG,DJI_0094.JPG,DJI_0095.JPG,DJI_0096.JPG,DJI_0097.JPG,DJI_0105.JPG,DJI_0106.JPG,DJI_0107.JPG,DJI_0147.JPG,DJI_0148.JPG,DJI_0149.JPG ,
 ,
0:0:1:100,DJI_0010.JPG,DJI_0011.JPG,DJI_0012.JPG,DJI_0046.JPG,DJI_0047.JPG,DJI_0048.JPG,DJI_0049.JPG,DJI_0055.JPG,DJI_0056.JPG,DJI_0057.JPG,DJI_0094.JPG,DJI_0095.JPG,DJI_0096.JPG,DJI_0097.JPG,DJI_0105.JPG,DJI_0106.JPG,DJI_0107.JPG,DJI_0147.JPG,DJI_0148.JPG,DJI_0149.JPG,DJI_0159.JPG ,
 ,
0:0:1:200,DJI_0010.JPG,DJI_0011.JPG,DJI_0012.JPG,DJI_0046.JPG,DJI_0047.JPG,DJI_0048.JPG,DJI_0049.JPG,DJI_0055.JPG,DJI_0056.JPG,DJI_0057.JPG,DJI_0094.JPG,DJI_0095.JPG,DJI_0096.JPG,DJI_0097.JPG,DJI_0105.JPG,DJI_0106.JPG,DJI_0107.JPG,DJI_0147.JPG,DJI_0148.JPG,DJI_0149.JPG,DJI_0158.JPG,DJI_0159.JPG ,
 ,
0:0:1:300,DJI_0010.JPG,DJI_0011.JPG,DJI_0012.JPG,DJI_0046.JPG,DJI_0047.JPG,DJI_0048.JPG,DJI_0049.JPG,DJI_0055.JPG,DJI_0056.JPG,DJI_0057.JPG,DJI_0094.JPG,DJI_0095.JPG,DJI_0096.JPG,DJI_0097.JPG,DJI_0105.JPG,DJI_0106.JPG,DJI_0107.JPG,DJI_0147.JPG,DJI_0148.JPG,DJI_0149.JPG,DJI_0158.JPG,DJI_0159.JPG ,
 ,
0:0:1:400,DJI_0010.JPG,DJI_0011.JPG,DJI_0012.JPG,DJI_0046.JPG,DJI_0047.JPG,DJI_0048.JPG,DJI_0049.JPG,DJI_0055.JPG,DJI_0056.JPG,DJI_0057.JPG,DJI_0094.JPG,DJI_0095.JPG,DJI_0096.JPG,DJI_0097.JPG,DJI_0105.JPG,DJI_0106.JPG,DJI_0107.JPG,DJI_0147.JPG,DJI_0148.JPG,DJI_0149.JPG,DJI_0158.JPG,DJI_0159.JPG ,
 ,
0:0:1:500,DJI_0010.JPG,DJI_0011.JPG,DJI_0012.JPG,DJI_0046.JPG,DJI_0047.JPG,DJI_0048.JPG,DJI_0049.JPG,DJI_0055.JPG,DJI_0056.JPG,DJI_0057.JPG,DJI_0094.JPG,DJI_0095.JPG,DJI_0096.JPG,DJI_0097.JPG,DJI_0105.JPG,DJI_0106.JPG,DJI_0107.JPG,DJI_0147.JPG,DJI_0148.JPG,DJI_0149.JPG,DJI_0158.JPG,DJI_0159.JPG ,
 ,
0:0:1:600,DJI_0010.JPG,DJI_0011.JPG,DJI_0012.JPG,DJI_0046.JPG,DJI_0047.JPG,DJI_0048.JPG,DJI_0049.JPG,DJI_0055.JPG,DJI_0056.JPG,DJI_0057.JPG,DJI_0094.JPG,DJI_0095.JPG,DJI_0096.JPG,DJI_0097.JPG,DJI_0105.JPG,DJI_0106.JPG,DJI_0107.JPG,DJI_0147.JPG,DJI_0148.JPG,DJI_0149.JPG,DJI_0158.JPG,DJI_0159.JPG ,
 ,
0:0:1:700,DJI_0010.JPG,DJI_0011.JPG,DJI_0012.JPG,DJI_0046.JPG,DJI_0047.JPG,DJI_0048.JPG,DJI_0055.JPG,DJI_0056.JPG,DJI_0057.JPG,DJI_0094.JPG,DJI_0095.JPG,DJI_0096.JPG,DJI_0097.JPG,DJI_0105.JPG,DJI_0106.JPG,DJI_0107.JPG,DJI_0108.JPG,DJI_0147.JPG,DJI_0148.JPG,DJI_0149.JPG,DJI_0158.JPG,DJI_0159.JPG,DJI_0160.JPG ,
 ,
0:0:1:800,DJI_0011.JPG,DJI_0012.JPG,DJI_0046.JPG,DJI_0047.JPG,DJI_0048.JPG,DJI_0055.JPG,DJI_0056.JPG,DJI_0057.JPG,DJI_0093.JPG,DJI_0094.JPG,DJI_0095.JPG,DJI_0096.JPG,DJI_0105.JPG,DJI_0106.JPG,DJI_0107.JPG,DJI_0108.JPG,DJI_0147.JPG,DJI_0148.JPG,DJI_0149.JPG,DJI_0158.JPG,DJI_0159.JPG,DJI_0160.JPG ,
 ,
0:0:1:900,DJI_0011.JPG,DJI_0012.JPG,DJI_0046.JPG,DJI_0047.JPG,DJI_0048.JPG,DJI_0055.JPG,DJI_0056.JPG,DJI_0057.JPG,DJI_0093.JPG,DJI_0094.JPG,DJI_0095.JPG,DJI_0096.JPG,DJI_0105.JPG,DJI_0106.JPG,DJI_0107.JPG,DJI_0108.JPG,DJI_0146.JPG,DJI_0147.JPG,DJI_0148.JPG,DJI_0149.JPG,DJI_0158.JPG,DJI_0159.JPG,DJI_0160.JPG,DJI_0201.JPG ,
 ,
0:0:2:0,DJI_0011.JPG,DJI_0012.JPG,DJI_0013.JPG,DJI_0045.JPG,DJI_0046.JPG,DJI_0047.JPG,DJI_0048.JPG,DJI_0055.JPG,DJI_0056.JPG,DJI_0057.JPG,DJI_0093.JPG,DJI_0094.JPG,DJI_0095.JPG,DJI_0096.JPG,DJI_0105.JPG,DJI_0106.JPG,DJI_0107.JPG,DJI_0108.JPG,DJI_0146.JPG,DJI_0147.JPG,DJI_0148.JPG,DJI_0149.JPG,DJI_0159.JPG,DJI_0160.JPG,DJI_0201.JPG ,
 ,
0:0:2:100,DJI_0011.JPG,DJI_0012.JPG,DJI_0013.JPG,DJI_0045.JPG,DJI_0046.JPG,DJI_0047.JPG,DJI_0048.JPG,DJI_0055.JPG,DJI_0056.JPG,DJI_0057.JPG,DJI_0093.JPG,DJI_0094.JPG,DJI_0095.JPG,DJI_0096.JPG,DJI_0105.JPG,DJI_0106.JPG,DJI_0107.JPG,DJI_0108.JPG,DJI_0146.JPG,DJI_0147.JPG,DJI_0148.JPG,DJI_0149.JPG,DJI_0159.JPG,DJI_0160.JPG,DJI_0161.JPG,DJI_0200.JPG,DJI_0201.JPG ,
 ,
0:0:2:200,DJI_0012.JPG,DJI_0013.JPG,DJI_0045.JPG,DJI_0046.JPG,DJI_0047.JPG,DJI_0055.JPG,DJI_0056.JPG,DJI_0057.JPG,DJI_0093.JPG,DJI_0094.JPG,DJI_0095.JPG,DJI_0096.JPG,DJI_0105.JPG,DJI_0106.JPG,DJI_0107.JPG,DJI_0108.JPG,DJI_0146.JPG,DJI_0147.JPG,DJI_0148.JPG,DJI_0159.JPG,DJI_0160.JPG,DJI_0161.JPG,DJI_0200.JPG,DJI_0201.JPG ,
 ,
0:0:2:300,DJI_0012.JPG,DJI_0013.JPG,DJI_0045.JPG,DJI_0046.JPG,DJI_0047.JPG,DJI_0056.JPG,DJI_0057.JPG,DJI_0093.JPG,DJI_0094.JPG,DJI_0095.JPG,DJI_0096.JPG,DJI_0106.JPG,DJI_0107.JPG,DJI_0108.JPG,DJI_0109.JPG,DJI_0146.JPG,DJI_0147.JPG,DJI_0148.JPG,DJI_0159.JPG,DJI_0160.JPG,DJI_0161.JPG,DJI_0200.JPG,DJI_0201.JPG ,
 ,
0:0:2:400,DJI_0012.JPG,DJI_0013.JPG,DJI_0045.JPG,DJI_0046.JPG,DJI_0047.JPG,DJI_0056.JPG,DJI_0057.JPG,DJI_0092.JPG,DJI_0093.JPG,DJI_0094.JPG,DJI_0095.JPG,DJI_0106.JPG,DJI_0107.JPG,DJI_0108.JPG,DJI_0109.JPG,DJI_0145.JPG,DJI_0146.JPG,DJI_0147.JPG,DJI_0148.JPG,DJI_0159.JPG,DJI_0160.JPG,DJI_0161.JPG,DJI_0199.JPG,DJI_0200.JPG,DJI_0201.JPG ,
 ,
0:0:2:500,DJI_0013.JPG,DJI_0045.JPG,DJI_0046.JPG,DJI_0047.JPG,DJI_0056.JPG,DJI_0057.JPG,DJI_0058.JPG,DJI_0092.JPG,DJI_0093.JPG,DJI_0094.JPG,DJI_0095.JPG,DJI_0106.JPG,DJI_0107.JPG,DJI_0108.JPG,DJI_0109.JPG,DJI_0145.JPG,DJI_0146.JPG,DJI_0147.JPG,DJI_0148.JPG,DJI_0159.JPG,DJI_0160.JPG,DJI_0161.JPG,DJI_0162.JPG,DJI_0199.JPG,DJI_0200.JPG,DJI_0201.JPG ,
 ,
0:0:2:600,DJI_0013.JPG,DJI_0045.JPG,DJI_0046.JPG,DJI_0056.JPG,DJI_0057.JPG,DJI_0058.JPG,DJI_0092.JPG,DJI_0093.JPG,DJI_0094.JPG,DJI_0095.JPG,DJI_0106.JPG,DJI_0107.JPG,DJI_0108.JPG,DJI_0109.JPG,DJI_0145.JPG,DJI_0146.JPG,DJI_0147.JPG,DJI_0148.JPG,DJI_0159.JPG,DJI_0160.JPG,DJI_0161.JPG,DJI_0162.JPG,DJI_0199.JPG,DJI_0200.JPG,DJI_0201.JPG ,
 ,
0:0:2:700,DJI_0045.JPG,DJI_0046.JPG,DJI_0056.JPG,DJI_0057.JPG,DJI_0058.JPG,DJI_0092.JPG,DJI_0093.JPG,DJI_0094.JPG,DJI_0095.JPG,DJI_0106.JPG,DJI_0107.JPG,DJI_0108.JPG,DJI_0109.JPG,DJI_0145.JPG,DJI_0146.JPG,DJI_0147.JPG,DJI_0148.JPG,DJI_0159.JPG,DJI_0160.JPG,DJI_0161.JPG,DJI_0162.JPG,DJI_0199.JPG,DJI_0200.JPG ,
 ,
0:0:2:800,DJI_0045.JPG,DJI_0046.JPG,DJI_0057.JPG,DJI_0058.JPG,DJI_0092.JPG,DJI_0093.JPG,DJI_0094.JPG,DJI_0095.JPG,DJI_0106.JPG,DJI_0107.JPG,DJI_0108.JPG,DJI_0109.JPG,DJI_0110.JPG,DJI_0145.JPG,DJI_0146.JPG,DJI_0147.JPG,DJI_0148.JPG,DJI_0159.JPG,DJI_0160.JPG,DJI_0161.JPG,DJI_0162.JPG,DJI_0199.JPG,DJI_0200.JPG,DJI_0213.JPG,DJI_0214.JPG ,
 ,
0:0:2:900,DJI_0044.JPG,DJI_0045.JPG,DJI_0046.JPG,DJI_0057.JPG,DJI_0058.JPG,DJI_0092.JPG,DJI_0093.JPG,DJI_0094.JPG,DJI_0107.JPG,DJI_0108.JPG,DJI_0109.JPG,DJI_0110.JPG,DJI_0144.JPG,DJI_0145.JPG,DJI_0146.JPG,DJI_0147.JPG,DJI_0160.JPG,DJI_0161.JPG,DJI_0162.JPG,DJI_0198.JPG,DJI_0199.JPG,DJI_0200.JPG,DJI_0213.JPG,DJI_0214.JPG ,
 ,
0:0:3:0,DJI_0044.JPG,DJI_0045.JPG,DJI_0057.JPG,DJI_0058.JPG,DJI_0091.JPG,DJI_0092.JPG,DJI_0093.JPG,DJI_0094.JPG,DJI_0107.JPG,DJI_0108.JPG,DJI_0109.JPG,DJI_0110.JPG,DJI_0144.JPG,DJI_0145.JPG,DJI_0146.JPG,DJI_0147.JPG,DJI_0160.JPG,DJI_0161.JPG,DJI_0162.JPG,DJI_0198.JPG,DJI_0199.JPG,DJI_0200.JPG,DJI_0213.JPG,DJI_0214.JPG ,
 ,
0:0:3:100,DJI_0044.JPG,DJI_0045.JPG,DJI_0057.JPG,DJI_0058.JPG,DJI_0091.JPG,DJI_0092.JPG,DJI_0093.JPG,DJI_0094.JPG,DJI_0107.JPG,DJI_0108.JPG,DJI_0109.JPG,DJI_0110.JPG,DJI_0144.JPG,DJI_0145.JPG,DJI_0146.JPG,DJI_0147.JPG,DJI_0160.JPG,DJI_0161.JPG,DJI_0162.JPG,DJI_0163.JPG,DJI_0198.JPG,DJI_0199.JPG,DJI_0200.JPG,DJI_0213.JPG,DJI_0214.JPG,DJI_0215.JPG ,
 ,
0:0:3:200,DJI_0045.JPG,DJI_0057.JPG,DJI_0058.JPG,DJI_0091.JPG,DJI_0092.JPG,DJI_0093.JPG,DJI_0094.JPG,DJI_0107.JPG,DJI_0108.JPG,DJI_0109.JPG,DJI_0110.JPG,DJI_0144.JPG,DJI_0145.JPG,DJI_0146.JPG,DJI_0147.JPG,DJI_0160.JPG,DJI_0161.JPG,DJI_0162.JPG,DJI_0163.JPG,DJI_0198.JPG,DJI_0199.JPG,DJI_0200.JPG,DJI_0213.JPG,DJI_0214.JPG,DJI_0215.JPG ,
 ,
0:0:3:300,DJI_0045.JPG,DJI_0057.JPG,DJI_0058.JPG,DJI_0091.JPG,DJI_0092.JPG,DJI_0093.JPG,DJI_0094.JPG,DJI_0107.JPG,DJI_0108.JPG,DJI_0109.JPG,DJI_0110.JPG,DJI_0144.JPG,DJI_0145.JPG,DJI_0146.JPG,DJI_0147.JPG,DJI_0160.JPG,DJI_0161.JPG,DJI_0162.JPG,DJI_0163.JPG,DJI_0198.JPG,DJI_0199.JPG,DJI_0200.JPG,DJI_0213.JPG,DJI_0214.JPG,DJI_0215.JPG ,
 ,
0:0:3:400,DJI_0058.JPG,DJI_0091.JPG,DJI_0092.JPG,DJI_0093.JPG,DJI_0094.JPG,DJI_0107.JPG,DJI_0108.JPG,DJI_0109.JPG,DJI_0110.JPG,DJI_0144.JPG,DJI_0145.JPG,DJI_0146.JPG,DJI_0147.JPG,DJI_0160.JPG,DJI_0161.JPG,DJI_0162.JPG,DJI_0163.JPG,DJI_0198.JPG,DJI_0199.JPG,DJI_0200.JPG,DJI_0213.JPG,DJI_0214.JPG,DJI_0215.JPG,DJI_0253.JPG ,
 ,
0:0:3:500,DJI_0058.JPG,DJI_0091.JPG,DJI_0092.JPG,DJI_0093.JPG,DJI_0094.JPG,DJI_0107.JPG,DJI_0108.JPG,DJI_0109.JPG,DJI_0110.JPG,DJI_0144.JPG,DJI_0145.JPG,DJI_0146.JPG,DJI_0147.JPG,DJI_0160.JPG,DJI_0161.JPG,DJI_0162.JPG,DJI_0163.JPG,DJI_0198.JPG,DJI_0199.JPG,DJI_0200.JPG,DJI_0213.JPG,DJI_0214.JPG,DJI_0215.JPG,DJI_0253.JPG ,
 ,
0:0:3:600,DJI_0058.JPG,DJI_0091.JPG,DJI_0092.JPG,DJI_0093.JPG,DJI_0094.JPG,DJI_0107.JPG,DJI_0108.JPG,DJI_0109.JPG,DJI_0110.JPG,DJI_0144.JPG,DJI_0145.JPG,DJI_0146.JPG,DJI_0147.JPG,DJI_0160.JPG,DJI_0161.JPG,DJI_0162.JPG,DJI_0163.JPG,DJI_0198.JPG,DJI_0199.JPG,DJI_0200.JPG,DJI_0213.JPG,DJI_0214.JPG,DJI_0215.JPG,DJI_0252.JPG,DJI_0253.JPG ,
 ,
0:0:3:700,DJI_0058.JPG,DJI_0092.JPG,DJI_0093.JPG,DJI_0094.JPG,DJI_0107.JPG,DJI_0108.JPG,DJI_0109.JPG,DJI_0110.JPG,DJI_0144.JPG,DJI_0145.JPG,DJI_0146.JPG,DJI_0147.JPG,DJI_0160.JPG,DJI_0161.JPG,DJI_0162.JPG,DJI_0163.JPG,DJI_0198.JPG,DJI_0199.JPG,DJI_0200.JPG,DJI_0213.JPG,DJI_0214.JPG,DJI_0215.JPG,DJI_0252.JPG,DJI_0253.JPG ,
 ,
0:0:3:800,DJI_0058.JPG,DJI_0092.JPG,DJI_0093.JPG,DJI_0094.JPG,DJI_0107.JPG,DJI_0108.JPG,DJI_0109.JPG,DJI_0110.JPG,DJI_0144.JPG,DJI_0145.JPG,DJI_0146.JPG,DJI_0147.JPG,DJI_0160.JPG,DJI_0161.JPG,DJI_0162.JPG,DJI_0163.JPG,DJI_0198.JPG,DJI_0199.JPG,DJI_0200.JPG,DJI_0213.JPG,DJI_0214.JPG,DJI_0215.JPG,DJI_0252.JPG,DJI_0253.JPG ,
 ,
0:0:3:900,DJI_0092.JPG,DJI_0093.JPG,DJI_0094.JPG,DJI_0107.JPG,DJI_0108.JPG,DJI_0109.JPG,DJI_0110.JPG,DJI_0144.JPG,DJI_0145.JPG,DJI_0146.JPG,DJI_0147.JPG,DJI_0160.JPG,DJI_0161.JPG,DJI_0162.JPG,DJI_0163.JPG,DJI_0198.JPG,DJI_0199.JPG,DJI_0200.JPG,DJI_0213.JPG,DJI_0214.JPG,DJI_0215.JPG,DJI_0252.JPG,DJI_0253.JPG ,
 ,
0:0:4:0,DJI_0092.JPG,DJI_0093.JPG,DJI_0094.JPG,DJI_0107.JPG,DJI_0108.JPG,DJI_0109.JPG,DJI_0110.JPG,DJI_0144.JPG,DJI_0145.JPG,DJI_0146.JPG,DJI_0147.JPG,DJI_0160.JPG,DJI_0161.JPG,DJI_0162.JPG,DJI_0163.JPG,DJI_0198.JPG,DJI_0199.JPG,DJI_0200.JPG,DJI_0213.JPG,DJI_0214.JPG,DJI_0215.JPG,DJI_0252.JPG,DJI_0253.JPG,DJI_0254.JPG ,
 ,
0:0:4:100,DJI_0092.JPG,DJI_0093.JPG,DJI_0094.JPG,DJI_0107.JPG,DJI_0108.JPG,DJI_0109.JPG,DJI_0110.JPG,DJI_0144.JPG,DJI_0145.JPG,DJI_0146.JPG,DJI_0147.JPG,DJI_0160.JPG,DJI_0161.JPG,DJI_0162.JPG,DJI_0163.JPG,DJI_0198.JPG,DJI_0199.JPG,DJI_0200.JPG,DJI_0201.JPG,DJI_0213.JPG,DJI_0214.JPG,DJI_0215.JPG,DJI_0252.JPG,DJI_0253.JPG,DJI_0254.JPG ,
 ,
0:0:4:200,DJI_0092.JPG,DJI_0093.JPG,DJI_0094.JPG,DJI_0107.JPG,DJI_0108.JPG,DJI_0109.JPG,DJI_0144.JPG,DJI_0145.JPG,DJI_0146.JPG,DJI_0147.JPG,DJI_0160.JPG,DJI_0161.JPG,DJI_0162.JPG,DJI_0163.JPG,DJI_0198.JPG,DJI_0199.JPG,DJI_0200.JPG,DJI_0201.JPG,DJI_0213.JPG,DJI_0214.JPG,DJI_0215.JPG,DJI_0252.JPG,DJI_0253.JPG,DJI_0254.JPG,DJI_0267.JPG ,
 ,
0:0:4:300,DJI_0092.JPG,DJI_0093.JPG,DJI_0094.JPG,DJI_0107.JPG,DJI_0108.JPG,DJI_0109.JPG,DJI_0145.JPG,DJI_0146.JPG,DJI_0147.JPG,DJI_0159.JPG,DJI_0160.JPG,DJI_0161.JPG,DJI_0162.JPG,DJI_0198.JPG,DJI_0199.JPG,DJI_0200.JPG,DJI_0201.JPG,DJI_0212.JPG,DJI_0213.JPG,DJI_0214.JPG,DJI_0215.JPG,DJI_0252.JPG,DJI_0253.JPG,DJI_0254.JPG,DJI_0267.JPG ,
 ,
0:0:4:400,DJI_0093.JPG,DJI_0094.JPG,DJI_0107.JPG,DJI_0108.JPG,DJI_0109.JPG,DJI_0145.JPG,DJI_0146.JPG,DJI_0147.JPG,DJI_0159.JPG,DJI_0160.JPG,DJI_0161.JPG,DJI_0162.JPG,DJI_0198.JPG,DJI_0199.JPG,DJI_0200.JPG,DJI_0201.JPG,DJI_0212.JPG,DJI_0213.JPG,DJI_0214.JPG,DJI_0215.JPG,DJI_0252.JPG,DJI_0253.JPG,DJI_0254.JPG,DJI_0266.JPG,DJI_0267.JPG ,
 ,
0:0:4:500,DJI_0093.JPG,DJI_0094.JPG,DJI_0107.JPG,DJI_0108.JPG,DJI_0109.JPG,DJI_0145.JPG,DJI_0146.JPG,DJI_0147.JPG,DJI_0148.JPG,DJI_0159.JPG,DJI_0160.JPG,DJI_0161.JPG,DJI_0162.JPG,DJI_0198.JPG,DJI_0199.JPG,DJI_0200.JPG,DJI_0201.JPG,DJI_0212.JPG,DJI_0213.JPG,DJI_0214.JPG,DJI_0215.JPG,DJI_0252.JPG,DJI_0253.JPG,DJI_0254.JPG,DJI_0266.JPG,DJI_0267.JPG ,
 ,
0:0:4:600,DJI_0093.JPG,DJI_0094.JPG,DJI_0107.JPG,DJI_0108.JPG,DJI_0109.JPG,DJI_0145.JPG,DJI_0146.JPG,DJI_0147.JPG,DJI_0148.JPG,DJI_0159.JPG,DJI_0160.JPG,DJI_0161.JPG,DJI_0162.JPG,DJI_0198.JPG,DJI_0199.JPG,DJI_0200.JPG,DJI_0201.JPG,DJI_0212.JPG,DJI_0213.JPG,DJI_0214.JPG,DJI_0215.JPG,DJI_0252.JPG,DJI_0253.JPG,DJI_0254.JPG,DJI_0255.JPG,DJI_0266.JPG,DJI_0267.JPG ,
 ,
0:0:4:700,DJI_0093.JPG,DJI_0094.JPG,DJI_0107.JPG,DJI_0108.JPG,DJI_0109.JPG,DJI_0145.JPG,DJI_0146.JPG,DJI_0147.JPG,DJI_0148.JPG,DJI_0159.JPG,DJI_0160.JPG,DJI_0161.JPG,DJI_0162.JPG,DJI_0198.JPG,DJI_0199.JPG,DJI_0200.JPG,DJI_0201.JPG,DJI_0212.JPG,DJI_0213.JPG,DJI_0214.JPG,DJI_0215.JPG,DJI_0252.JPG,DJI_0253.JPG,DJI_0254.JPG,DJI_0255.JPG,DJI_0266.JPG,DJI_0267.JPG ,
 ,
0:0:4:800,DJI_0107.JPG,DJI_0108.JPG,DJI_0109.JPG,DJI_0145.JPG,DJI_0146.JPG,DJI_0147.JPG,DJI_0148.JPG,DJI_0159.JPG,DJI_0160.JPG,DJI_0161.JPG,DJI_0162.JPG,DJI_0198.JPG,DJI_0199.JPG,DJI_0200.JPG,DJI_0201.JPG,DJI_0212.JPG,DJI_0213.JPG,DJI_0214.JPG,DJI_0215.JPG,DJI_0252.JPG,DJI_0253.JPG,DJI_0254.JPG,DJI_0255.JPG,DJI_0266.JPG,DJI_0267.JPG ,
 ,
0:0:4:900,DJI_0107.JPG,DJI_0108.JPG,DJI_0145.JPG,DJI_0146.JPG,DJI_0147.JPG,DJI_0148.JPG,DJI_0159.JPG,DJI_0160.JPG,DJI_0161.JPG,DJI_0162.JPG,DJI_0198.JPG,DJI_0199.JPG,DJI_0200.JPG,DJI_0201.JPG,DJI_0212.JPG,DJI_0213.JPG,DJI_0214.JPG,DJI_0215.JPG,DJI_0252.JPG,DJI_0253.JPG,DJI_0254.JPG,DJI_0255.JPG,DJI_0266.JPG,DJI_0267.JPG ,
 ,
0:0:5:0,DJI_0107.JPG,DJI_0108.JPG,DJI_0146.JPG,DJI_0147.JPG,DJI_0148.JPG,DJI_0159.JPG,DJI_0160.JPG,DJI_0161.JPG,DJI_0162.JPG,DJI_0199.JPG,DJI_0200.JPG,DJI_0201.JPG,DJI_0202.JPG,DJI_0212.JPG,DJI_0213.JPG,DJI_0214.JPG,DJI_0252.JPG,DJI_0253.JPG,DJI_0254.JPG,DJI_0255.JPG,DJI_0265.JPG,DJI_0266.JPG,DJI_0267.JPG,DJI_0309.JPG,DJI_0310.JPG ,
 ,
0:0:5:100,DJI_0107.JPG,DJI_0108.JPG,DJI_0146.JPG,DJI_0147.JPG,DJI_0148.JPG,DJI_0159.JPG,DJI_0160.JPG,DJI_0161.JPG,DJI_0162.JPG,DJI_0199.JPG,DJI_0200.JPG,DJI_0201.JPG,DJI_0202.JPG,DJI_0211.JPG,DJI_0212.JPG,DJI_0213.JPG,DJI_0214.JPG,DJI_0252.JPG,DJI_0253.JPG,DJI_0254.JPG,DJI_0255.JPG,DJI_0265.JPG,DJI_0266.JPG,DJI_0267.JPG,DJI_0309.JPG,DJI_0310.JPG ,
 ,
0:0:5:200,DJI_0107.JPG,DJI_0108.JPG,DJI_0146.JPG,DJI_0147.JPG,DJI_0148.JPG,DJI_0159.JPG,DJI_0160.JPG,DJI_0161.JPG,DJI_0199.JPG,DJI_0200.JPG,DJI_0201.JPG,DJI_0202.JPG,DJI_0211.JPG,DJI_0212.JPG,DJI_0213.JPG,DJI_0214.JPG,DJI_0253.JPG,DJI_0254.JPG,DJI_0255.JPG,DJI_0265.JPG,DJI_0266.JPG,DJI_0267.JPG,DJI_0309.JPG,DJI_0310.JPG ,
 ,
0:0:5:300,DJI_0107.JPG,DJI_0108.JPG,DJI_0146.JPG,DJI_0147.JPG,DJI_0148.JPG,DJI_0159.JPG,DJI_0160.JPG,DJI_0161.JPG,DJI_0199.JPG,DJI_0200.JPG,DJI_0201.JPG,DJI_0202.JPG,DJI_0211.JPG,DJI_0212.JPG,DJI_0213.JPG,DJI_0214.JPG,DJI_0253.JPG,DJI_0254.JPG,DJI_0255.JPG,DJI_0265.JPG,DJI_0266.JPG,DJI_0267.JPG,DJI_0309.JPG,DJI_0310.JPG ,
 ,
0:0:5:400,DJI_0107.JPG,DJI_0146.JPG,DJI_0147.JPG,DJI_0148.JPG,DJI_0159.JPG,DJI_0160.JPG,DJI_0161.JPG,DJI_0199.JPG,DJI_0200.JPG,DJI_0201.JPG,DJI_0202.JPG,DJI_0211.JPG,DJI_0212.JPG,DJI_0213.JPG,DJI_0214.JPG,DJI_0253.JPG,DJI_0254.JPG,DJI_0255.JPG,DJI_0265.JPG,DJI_0266.JPG,DJI_0267.JPG,DJI_0309.JPG,DJI_0310.JPG,DJI_0311.JPG ,
 ,
0:0:5:500,DJI_0107.JPG,DJI_0146.JPG,DJI_0147.JPG,DJI_0148.JPG,DJI_0159.JPG,DJI_0160.JPG,DJI_0161.JPG,DJI_0199.JPG,DJI_0200.JPG,DJI_0201.JPG,DJI_0202.JPG,DJI_0211.JPG,DJI_0212.JPG,DJI_0213.JPG,DJI_0214.JPG,DJI_0253.JPG,DJI_0254.JPG,DJI_0255.JPG,DJI_0256.JPG,DJI_0265.JPG,DJI_0266.JPG,DJI_0267.JPG,DJI_0309.JPG,DJI_0310.JPG,DJI_0311.JPG ,
 ,
0:0:5:600,DJI_0146.JPG,DJI_0147.JPG,DJI_0148.JPG,DJI_0159.JPG,DJI_0160.JPG,DJI_0161.JPG,DJI_0199.JPG,DJI_0200.JPG,DJI_0201.JPG,DJI_0202.JPG,DJI_0211.JPG,DJI_0212.JPG,DJI_0213.JPG,DJI_0214.JPG,DJI_0253.JPG,DJI_0254.JPG,DJI_0255.JPG,DJI_0256.JPG,DJI_0265.JPG,DJI_0266.JPG,DJI_0267.JPG,DJI_0309.JPG,DJI_0310.JPG,DJI_0311.JPG,DJI_0323.JPG ,
 ,
0:0:5:700,DJI_0146.JPG,DJI_0147.JPG,DJI_0148.JPG,DJI_0159.JPG,DJI_0160.JPG,DJI_0161.JPG,DJI_0199.JPG,DJI_0200.JPG,DJI_0201.JPG,DJI_0202.JPG,DJI_0211.JPG,DJI_0212.JPG,DJI_0213.JPG,DJI_0214.JPG,DJI_0253.JPG,DJI_0254.JPG,DJI_0255.JPG,DJI_0256.JPG,DJI_0265.JPG,DJI_0266.JPG,DJI_0267.JPG,DJI_0309.JPG,DJI_0310.JPG,DJI_0311.JPG,DJI_0323.JPG ,
 ,
0:0:5:800,DJI_0146.JPG,DJI_0147.JPG,DJI_0148.JPG,DJI_0159.JPG,DJI_0160.JPG,DJI_0161.JPG,DJI_0199.JPG,DJI_0200.JPG,DJI_0201.JPG,DJI_0202.JPG,DJI_0211.JPG,DJI_0212.JPG,DJI_0213.JPG,DJI_0214.JPG,DJI_0253.JPG,DJI_0254.JPG,DJI_0255.JPG,DJI_0256.JPG,DJI_0264.JPG,DJI_0265.JPG,DJI_0266.JPG,DJI_0267.JPG,DJI_0309.JPG,DJI_0310.JPG,DJI_0311.JPG,DJI_0323.JPG ,
 ,
0:0:5:900,DJI_0147.JPG,DJI_0148.JPG,DJI_0159.JPG,DJI_0160.JPG,DJI_0161.JPG,DJI_0199.JPG,DJI_0200.JPG,DJI_0201.JPG,DJI_0202.JPG,DJI_0211.JPG,DJI_0212.JPG,DJI_0213.JPG,DJI_0214.JPG,DJI_0253.JPG,DJI_0254.JPG,DJI_0255.JPG,DJI_0256.JPG,DJI_0264.JPG,DJI_0265.JPG,DJI_0266.JPG,DJI_0267.JPG,DJI_0309.JPG,DJI_0310.JPG,DJI_0311.JPG,DJI_0322.JPG,DJI_0323.JPG,DJI_0324.JPG ,
 ,
0:0:6:0,DJI_0159.JPG,DJI_0160.JPG,DJI_0200.JPG,DJI_0201.JPG,DJI_0202.JPG,DJI_0211.JPG,DJI_0212.JPG,DJI_0213.JPG,DJI_0214.JPG,DJI_0253.JPG,DJI_0254.JPG,DJI_0255.JPG,DJI_0256.JPG,DJI_0264.JPG,DJI_0265.JPG,DJI_0266.JPG,DJI_0267.JPG,DJI_0309.JPG,DJI_0310.JPG,DJI_0311.JPG,DJI_0312.JPG,DJI_0322.JPG,DJI_0323.JPG,DJI_0324.JPG,DJI_0370.JPG ,
 ,
0:0:6:100,DJI_0200.JPG,DJI_0201.JPG,DJI_0202.JPG,DJI_0211.JPG,DJI_0212.JPG,DJI_0213.JPG,DJI_0254.JPG,DJI_0255.JPG,DJI_0256.JPG,DJI_0264.JPG,DJI_0265.JPG,DJI_0266.JPG,DJI_0267.JPG,DJI_0309.JPG,DJI_0310.JPG,DJI_0311.JPG,DJI_0312.JPG,DJI_0321.JPG,DJI_0322.JPG,DJI_0323.JPG,DJI_0324.JPG,DJI_0370.JPG,DJI_0371.JPG ,
 ,
0:0:6:200,DJI_0200.JPG,DJI_0201.JPG,DJI_0202.JPG,DJI_0211.JPG,DJI_0212.JPG,DJI_0213.JPG,DJI_0254.JPG,DJI_0255.JPG,DJI_0256.JPG,DJI_0264.JPG,DJI_0265.JPG,DJI_0266.JPG,DJI_0267.JPG,DJI_0309.JPG,DJI_0310.JPG,DJI_0311.JPG,DJI_0312.JPG,DJI_0321.JPG,DJI_0322.JPG,DJI_0323.JPG,DJI_0324.JPG,DJI_0370.JPG,DJI_0371.JPG,DJI_0372.JPG,DJI_0381.JPG ,
 ,
0:0:6:300,DJI_0201.JPG,DJI_0202.JPG,DJI_0211.JPG,DJI_0212.JPG,DJI_0213.JPG,DJI_0254.JPG,DJI_0255.JPG,DJI_0256.JPG,DJI_0263.JPG,DJI_0264.JPG,DJI_0265.JPG,DJI_0266.JPG,DJI_0310.JPG,DJI_0311.JPG,DJI_0312.JPG,DJI_0313.JPG,DJI_0321.JPG,DJI_0322.JPG,DJI_0323.JPG,DJI_0324.JPG,DJI_0370.JPG,DJI_0371.JPG,DJI_0372.JPG,DJI_0380.JPG,DJI_0381.JPG,DJI_0382.JPG ,
 ,
0:0:6:400,DJI_0255.JPG,DJI_0256.JPG,DJI_0263.JPG,DJI_0264.JPG,DJI_0265.JPG,DJI_0266.JPG,DJI_0310.JPG,DJI_0311.JPG,DJI_0312.JPG,DJI_0313.JPG,DJI_0320.JPG,DJI_0321.JPG,DJI_0322.JPG,DJI_0323.JPG,DJI_0370.JPG,DJI_0371.JPG,DJI_0372.JPG,DJI_0373.JPG,DJI_0379.JPG,DJI_0380.JPG,DJI_0381.JPG,DJI_0382.JPG,DJI_0383.JPG,DJI_0431.JPG,DJI_0432.JPG,DJI_0433.JPG,DJI_0443.JPG,DJI_0444.JPG ,
 ,
0:0:6:500,DJI_0264.JPG,DJI_0311.JPG,DJI_0312.JPG,DJI_0313.JPG,DJI_0320.JPG,DJI_0321.JPG,DJI_0322.JPG,DJI_0323.JPG,DJI_0370.JPG,DJI_0371.JPG,DJI_0372.JPG,DJI_0373.JPG,DJI_0379.JPG,DJI_0380.JPG,DJI_0381.JPG,DJI_0382.JPG,DJI_0431.JPG,DJI_0432.JPG,DJI_0433.JPG,DJI_0434.JPG,DJI_0442.JPG,DJI_0443.JPG,DJI_0444.JPG,DJI_0496.JPG,DJI_0497.JPG ,
 ,
0:0:6:600,DJI_0311.JPG,DJI_0312.JPG,DJI_0320.JPG,DJI_0321.JPG,DJI_0322.JPG,DJI_0323.JPG,DJI_0370.JPG,DJI_0371.JPG,DJI_0372.JPG,DJI_0373.JPG,DJI_0379.JPG,DJI_0380.JPG,DJI_0381.JPG,DJI_0382.JPG,DJI_0431.JPG,DJI_0432.JPG,DJI_0433.JPG,DJI_0434.JPG,DJI_0442.JPG,DJI_0443.JPG,DJI_0444.JPG,DJI_0495.JPG,DJI_0496.JPG,DJI_0497.JPG,DJI_0507.JPG,DJI_0508.JPG ,
 ,
0:0:6:700,DJI_0311.JPG,DJI_0312.JPG,DJI_0320.JPG,DJI_0321.JPG,DJI_0322.JPG,DJI_0323.JPG,DJI_0370.JPG,DJI_0371.JPG,DJI_0372.JPG,DJI_0373.JPG,DJI_0379.JPG,DJI_0380.JPG,DJI_0381.JPG,DJI_0382.JPG,DJI_0431.JPG,DJI_0432.JPG,DJI_0433.JPG,DJI_0434.JPG,DJI_0442.JPG,DJI_0443.JPG,DJI_0444.JPG,DJI_0445.JPG,DJI_0495.JPG,DJI_0496.JPG,DJI_0497.JPG,DJI_0507.JPG,DJI_0508.JPG ,
 ,
0:0:6:800,DJI_0311.JPG,DJI_0312.JPG,DJI_0320.JPG,DJI_0321.JPG,DJI_0322.JPG,DJI_0323.JPG,DJI_0370.JPG,DJI_0371.JPG,DJI_0372.JPG,DJI_0373.JPG,DJI_0379.JPG,DJI_0380.JPG,DJI_0381.JPG,DJI_0382.JPG,DJI_0431.JPG,DJI_0432.JPG,DJI_0433.JPG,DJI_0434.JPG,DJI_0442.JPG,DJI_0443.JPG,DJI_0444.JPG,DJI_0445.JPG,DJI_0495.JPG,DJI_0496.JPG,DJI_0497.JPG,DJI_0507.JPG,DJI_0508.JPG ,
 ,
0:0:6:900,DJI_0311.JPG,DJI_0312.JPG,DJI_0320.JPG,DJI_0321.JPG,DJI_0322.JPG,DJI_0370.JPG,DJI_0371.JPG,DJI_0372.JPG,DJI_0373.JPG,DJI_0379.JPG,DJI_0380.JPG,DJI_0381.JPG,DJI_0382.JPG,DJI_0431.JPG,DJI_0432.JPG,DJI_0433.JPG,DJI_0434.JPG,DJI_0442.JPG,DJI_0443.JPG,DJI_0444.JPG,DJI_0445.JPG,DJI_0495.JPG,DJI_0496.JPG,DJI_0497.JPG,DJI_0507.JPG,DJI_0508.JPG ,
 ,
0:0:7:0,DJI_0312.JPG,DJI_0321.JPG,DJI_0322.JPG,DJI_0370.JPG,DJI_0371.JPG,DJI_0372.JPG,DJI_0373.JPG,DJI_0379.JPG,DJI_0380.JPG,DJI_0381.JPG,DJI_0382.JPG,DJI_0431.JPG,DJI_0432.JPG,DJI_0433.JPG,DJI_0434.JPG,DJI_0442.JPG,DJI_0443.JPG,DJI_0444.JPG,DJI_0445.JPG,DJI_0495.JPG,DJI_0496.JPG,DJI_0497.JPG,DJI_0498.JPG,DJI_0507.JPG,DJI_0508.JPG ,
 ,
0:0:7:100,DJI_0321.JPG,DJI_0322.JPG,DJI_0370.JPG,DJI_0371.JPG,DJI_0372.JPG,DJI_0373.JPG,DJI_0379.JPG,DJI_0380.JPG,DJI_0381.JPG,DJI_0382.JPG,DJI_0431.JPG,DJI_0432.JPG,DJI_0433.JPG,DJI_0434.JPG,DJI_0442.JPG,DJI_0443.JPG,DJI_0444.JPG,DJI_0445.JPG,DJI_0495.JPG,DJI_0496.JPG,DJI_0497.JPG,DJI_0498.JPG,DJI_0507.JPG,DJI_0508.JPG,DJI_0568.JPG,DJI_0569.JPG ,
 ,
0:0:7:200,DJI_0321.JPG,DJI_0322.JPG,DJI_0370.JPG,DJI_0371.JPG,DJI_0372.JPG,DJI_0373.JPG,DJI_0379.JPG,DJI_0380.JPG,DJI_0381.JPG,DJI_0382.JPG,DJI_0431.JPG,DJI_0432.JPG,DJI_0433.JPG,DJI_0434.JPG,DJI_0442.JPG,DJI_0443.JPG,DJI_0444.JPG,DJI_0445.JPG,DJI_0495.JPG,DJI_0496.JPG,DJI_0497.JPG,DJI_0498.JPG,DJI_0506.JPG,DJI_0507.JPG,DJI_0508.JPG,DJI_0568.JPG,DJI_0569.JPG ,
 ,
0:0:7:300,DJI_0321.JPG,DJI_0322.JPG,DJI_0370.JPG,DJI_0371.JPG,DJI_0372.JPG,DJI_0373.JPG,DJI_0379.JPG,DJI_0380.JPG,DJI_0381.JPG,DJI_0382.JPG,DJI_0431.JPG,DJI_0432.JPG,DJI_0433.JPG,DJI_0434.JPG,DJI_0442.JPG,DJI_0443.JPG,DJI_0444.JPG,DJI_0445.JPG,DJI_0495.JPG,DJI_0496.JPG,DJI_0497.JPG,DJI_0498.JPG,DJI_0506.JPG,DJI_0507.JPG,DJI_0508.JPG,DJI_0509.JPG,DJI_0568.JPG,DJI_0569.JPG ,
 ,
0:0:7:400,DJI_0321.JPG,DJI_0322.JPG,DJI_0371.JPG,DJI_0372.JPG,DJI_0373.JPG,DJI_0379.JPG,DJI_0380.JPG,DJI_0381.JPG,DJI_0382.JPG,DJI_0431.JPG,DJI_0432.JPG,DJI_0433.JPG,DJI_0434.JPG,DJI_0442.JPG,DJI_0443.JPG,DJI_0444.JPG,DJI_0445.JPG,DJI_0495.JPG,DJI_0496.JPG,DJI_0497.JPG,DJI_0498.JPG,DJI_0506.JPG,DJI_0507.JPG,DJI_0508.JPG,DJI_0509.JPG,DJI_0568.JPG,DJI_0569.JPG ,
 ,
0:0:7:500,DJI_0321.JPG,DJI_0371.JPG,DJI_0372.JPG,DJI_0379.JPG,DJI_0380.JPG,DJI_0381.JPG,DJI_0382.JPG,DJI_0431.JPG,DJI_0432.JPG,DJI_0433.JPG,DJI_0434.JPG,DJI_0442.JPG,DJI_0443.JPG,DJI_0444.JPG,DJI_0445.JPG,DJI_0495.JPG,DJI_0496.JPG,DJI_0497.JPG,DJI_0498.JPG,DJI_0506.JPG,DJI_0507.JPG,DJI_0508.JPG,DJI_0509.JPG,DJI_0568.JPG,DJI_0569.JPG ,
 ,
0:0:7:600,DJI_0371.JPG,DJI_0372.JPG,DJI_0379.JPG,DJI_0380.JPG,DJI_0381.JPG,DJI_0382.JPG,DJI_0431.JPG,DJI_0432.JPG,DJI_0433.JPG,DJI_0434.JPG,DJI_0442.JPG,DJI_0443.JPG,DJI_0444.JPG,DJI_0445.JPG,DJI_0495.JPG,DJI_0496.JPG,DJI_0497.JPG,DJI_0498.JPG,DJI_0506.JPG,DJI_0507.JPG,DJI_0508.JPG,DJI_0509.JPG,DJI_0568.JPG,DJI_0569.JPG,DJI_0581.JPG ,
 ,
0:0:7:700,DJI_0371.JPG,DJI_0372.JPG,DJI_0379.JPG,DJI_0380.JPG,DJI_0381.JPG,DJI_0382.JPG,DJI_0431.JPG,DJI_0432.JPG,DJI_0433.JPG,DJI_0434.JPG,DJI_0442.JPG,DJI_0443.JPG,DJI_0444.JPG,DJI_0445.JPG,DJI_0495.JPG,DJI_0496.JPG,DJI_0497.JPG,DJI_0498.JPG,DJI_0506.JPG,DJI_0507.JPG,DJI_0508.JPG,DJI_0509.JPG,DJI_0568.JPG,DJI_0569.JPG,DJI_0581.JPG ,
 ,
0:0:7:800,DJI_0371.JPG,DJI_0372.JPG,DJI_0379.JPG,DJI_0380.JPG,DJI_0381.JPG,DJI_0382.JPG,DJI_0431.JPG,DJI_0432.JPG,DJI_0433.JPG,DJI_0434.JPG,DJI_0442.JPG,DJI_0443.JPG,DJI_0444.JPG,DJI_0445.JPG,DJI_0495.JPG,DJI_0496.JPG,DJI_0497.JPG,DJI_0498.JPG,DJI_0506.JPG,DJI_0507.JPG,DJI_0508.JPG,DJI_0509.JPG,DJI_0567.JPG,DJI_0568.JPG,DJI_0569.JPG,DJI_0580.JPG,DJI_0581.JPG ,
 ,
0:0:7:900,DJI_0371.JPG,DJI_0372.JPG,DJI_0379.JPG,DJI_0380.JPG,DJI_0381.JPG,DJI_0382.JPG,DJI_0431.JPG,DJI_0432.JPG,DJI_0433.JPG,DJI_0434.JPG,DJI_0442.JPG,DJI_0443.JPG,DJI_0444.JPG,DJI_0445.JPG,DJI_0495.JPG,DJI_0496.JPG,DJI_0497.JPG,DJI_0498.JPG,DJI_0506.JPG,DJI_0507.JPG,DJI_0508.JPG,DJI_0509.JPG,DJI_0567.JPG,DJI_0568.JPG,DJI_0569.JPG,DJI_0580.JPG,DJI_0581.JPG ,
 ,
0:0:8:0,DJI_0453.JPG,DJI_0454.JPG,DJI_0455.JPG,DJI_0484.JPG,DJI_0485.JPG,DJI_0486.JPG,DJI_0487.JPG,DJI_0517.JPG,DJI_0518.JPG,DJI_0519.JPG,DJI_0520.JPG,DJI_0556.JPG,DJI_0557.JPG,DJI_0558.JPG,DJI_0559.JPG,DJI_0590.JPG,DJI_0591.JPG,DJI_0592.JPG,DJI_0593.JPG ,
 ,
0:0:8:100,DJI_0454.JPG,DJI_0455.JPG,DJI_0484.JPG,DJI_0485.JPG,DJI_0486.JPG,DJI_0518.JPG,DJI_0519.JPG,DJI_0520.JPG,DJI_0555.JPG,DJI_0556.JPG,DJI_0557.JPG,DJI_0558.JPG,DJI_0591.JPG,DJI_0592.JPG,DJI_0593.JPG,DJI_0594.JPG ,
 ,
0:0:8:200,DJI_0454.JPG,DJI_0455.JPG,DJI_0456.JPG,DJI_0483.JPG,DJI_0484.JPG,DJI_0485.JPG,DJI_0486.JPG,DJI_0518.JPG,DJI_0519.JPG,DJI_0520.JPG,DJI_0521.JPG,DJI_0555.JPG,DJI_0556.JPG,DJI_0557.JPG,DJI_0558.JPG,DJI_0591.JPG,DJI_0592.JPG,DJI_0593.JPG,DJI_0594.JPG ,
 ,
0:0:8:300,DJI_0455.JPG,DJI_0456.JPG,DJI_0483.JPG,DJI_0484.JPG,DJI_0485.JPG,DJI_0518.JPG,DJI_0519.JPG,DJI_0520.JPG,DJI_0521.JPG,DJI_0555.JPG,DJI_0556.JPG,DJI_0557.JPG,DJI_0558.JPG,DJI_0592.JPG,DJI_0593.JPG,DJI_0594.JPG ,
 ,
0:0:8:400,DJI_0420.JPG,DJI_0455.JPG,DJI_0456.JPG,DJI_0457.JPG,DJI_0482.JPG,DJI_0483.JPG,DJI_0484.JPG,DJI_0485.JPG,DJI_0519.JPG,DJI_0520.JPG,DJI_0521.JPG,DJI_0522.JPG,DJI_0554.JPG,DJI_0555.JPG,DJI_0556.JPG,DJI_0557.JPG,DJI_0592.JPG,DJI_0593.JPG,DJI_0594.JPG,DJI_0595.JPG ,
 ,
0:0:8:500,DJI_0418.JPG,DJI_0457.JPG,DJI_0458.JPG,DJI_0459.JPG,DJI_0481.JPG,DJI_0482.JPG,DJI_0483.JPG,DJI_0521.JPG,DJI_0522.JPG,DJI_0523.JPG,DJI_0552.JPG,DJI_0553.JPG,DJI_0554.JPG,DJI_0555.JPG,DJI_0594.JPG,DJI_0595.JPG,DJI_0596.JPG,DJI_0597.JPG ,
 ,
0:0:8:600,DJI_0417.JPG,DJI_0458.JPG,DJI_0459.JPG,DJI_0460.JPG,DJI_0479.JPG,DJI_0480.JPG,DJI_0481.JPG,DJI_0482.JPG,DJI_0522.JPG,DJI_0523.JPG,DJI_0524.JPG,DJI_0525.JPG,DJI_0551.JPG,DJI_0552.JPG,DJI_0553.JPG,DJI_0554.JPG,DJI_0595.JPG,DJI_0596.JPG,DJI_0597.JPG,DJI_0598.JPG ,
 ,
0:0:8:700,DJI_0416.JPG,DJI_0417.JPG,DJI_0458.JPG,DJI_0459.JPG,DJI_0460.JPG,DJI_0479.JPG,DJI_0480.JPG,DJI_0481.JPG,DJI_0482.JPG,DJI_0522.JPG,DJI_0523.JPG,DJI_0524.JPG,DJI_0525.JPG,DJI_0551.JPG,DJI_0552.JPG,DJI_0553.JPG,DJI_0554.JPG,DJI_0595.JPG,DJI_0596.JPG,DJI_0597.JPG,DJI_0598.JPG ,
 ,
0:0:8:800,DJI_0416.JPG,DJI_0417.JPG,DJI_0459.JPG,DJI_0460.JPG,DJI_0461.JPG,DJI_0479.JPG,DJI_0480.JPG,DJI_0481.JPG,DJI_0522.JPG,DJI_0523.JPG,DJI_0524.JPG,DJI_0525.JPG,DJI_0551.JPG,DJI_0552.JPG,DJI_0553.JPG,DJI_0554.JPG,DJI_0596.JPG,DJI_0597.JPG,DJI_0598.JPG ,
 ,
0:0:8:900,DJI_0415.JPG,DJI_0416.JPG,DJI_0459.JPG,DJI_0460.JPG,DJI_0461.JPG,DJI_0478.JPG,DJI_0479.JPG,DJI_0480.JPG,DJI_0481.JPG,DJI_0523.JPG,DJI_0524.JPG,DJI_0525.JPG,DJI_0526.JPG,DJI_0550.JPG,DJI_0551.JPG,DJI_0552.JPG,DJI_0553.JPG,DJI_0596.JPG,DJI_0597.JPG,DJI_0598.JPG,DJI_0599.JPG ,
 ,
0:0:9:0,DJI_0414.JPG,DJI_0415.JPG,DJI_0416.JPG,DJI_0460.JPG,DJI_0461.JPG,DJI_0462.JPG,DJI_0477.JPG,DJI_0478.JPG,DJI_0479.JPG,DJI_0480.JPG,DJI_0524.JPG,DJI_0525.JPG,DJI_0526.JPG,DJI_0527.JPG,DJI_0540.JPG,DJI_0549.JPG,DJI_0550.JPG,DJI_0551.JPG,DJI_0552.JPG,DJI_0597.JPG,DJI_0598.JPG,DJI_0599.JPG,DJI_0600.JPG ,
 ,
0:0:9:100,DJI_0414.JPG,DJI_0415.JPG,DJI_0460.JPG,DJI_0461.JPG,DJI_0462.JPG,DJI_0463.JPG,DJI_0477.JPG,DJI_0478.JPG,DJI_0479.JPG,DJI_0480.JPG,DJI_0524.JPG,DJI_0525.JPG,DJI_0526.JPG,DJI_0527.JPG,DJI_0540.JPG,DJI_0549.JPG,DJI_0550.JPG,DJI_0551.JPG,DJI_0552.JPG,DJI_0598.JPG,DJI_0599.JPG,DJI_0600.JPG ,
 ,
0:0:9:200,DJI_0399.JPG,DJI_0413.JPG,DJI_0414.JPG,DJI_0415.JPG,DJI_0460.JPG,DJI_0461.JPG,DJI_0462.JPG,DJI_0463.JPG,DJI_0477.JPG,DJI_0478.JPG,DJI_0479.JPG,DJI_0524.JPG,DJI_0525.JPG,DJI_0526.JPG,DJI_0527.JPG,DJI_0540.JPG,DJI_0549.JPG,DJI_0550.JPG,DJI_0551.JPG,DJI_0552.JPG,DJI_0598.JPG,DJI_0599.JPG,DJI_0600.JPG ,
 ,
0:0:9:300,DJI_0399.JPG,DJI_0413.JPG,DJI_0414.JPG,DJI_0415.JPG,DJI_0460.JPG,DJI_0461.JPG,DJI_0462.JPG,DJI_0463.JPG,DJI_0476.JPG,DJI_0477.JPG,DJI_0478.JPG,DJI_0479.JPG,DJI_0525.JPG,DJI_0526.JPG,DJI_0527.JPG,DJI_0528.JPG,DJI_0540.JPG,DJI_0549.JPG,DJI_0550.JPG,DJI_0551.JPG,DJI_0598.JPG,DJI_0599.JPG,DJI_0600.JPG ,
 ,
0:0:9:400,DJI_0399.JPG,DJI_0400.JPG,DJI_0413.JPG,DJI_0414.JPG,DJI_0415.JPG,DJI_0461.JPG,DJI_0462.JPG,DJI_0463.JPG,DJI_0476.JPG,DJI_0477.JPG,DJI_0478.JPG,DJI_0479.JPG,DJI_0525.JPG,DJI_0526.JPG,DJI_0527.JPG,DJI_0528.JPG,DJI_0540.JPG,DJI_0548.JPG,DJI_0549.JPG,DJI_0550.JPG,DJI_0551.JPG,DJI_0598.JPG,DJI_0599.JPG,DJI_0600.JPG ,
 ,
0:0:9:500,DJI_0399.JPG,DJI_0400.JPG,DJI_0413.JPG,DJI_0414.JPG,DJI_0415.JPG,DJI_0461.JPG,DJI_0462.JPG,DJI_0463.JPG,DJI_0476.JPG,DJI_0477.JPG,DJI_0478.JPG,DJI_0479.JPG,DJI_0525.JPG,DJI_0526.JPG,DJI_0527.JPG,DJI_0528.JPG,DJI_0540.JPG,DJI_0548.JPG,DJI_0549.JPG,DJI_0550.JPG,DJI_0551.JPG,DJI_0598.JPG,DJI_0599.JPG,DJI_0600.JPG ,
 ,
0:0:9:600,DJI_0352.JPG,DJI_0353.JPG,DJI_0398.JPG,DJI_0399.JPG,DJI_0400.JPG,DJI_0412.JPG,DJI_0413.JPG,DJI_0414.JPG,DJI_0415.JPG,DJI_0461.JPG,DJI_0462.JPG,DJI_0463.JPG,DJI_0464.JPG,DJI_0476.JPG,DJI_0477.JPG,DJI_0478.JPG,DJI_0479.JPG,DJI_0525.JPG,DJI_0526.JPG,DJI_0527.JPG,DJI_0528.JPG,DJI_0540.JPG,DJI_0548.JPG,DJI_0549.JPG,DJI_0550.JPG,DJI_0551.JPG,DJI_0599.JPG,DJI_0600.JPG ,
 ,
0:0:9:700,DJI_0352.JPG,DJI_0353.JPG,DJI_0398.JPG,DJI_0399.JPG,DJI_0400.JPG,DJI_0401.JPG,DJI_0412.JPG,DJI_0413.JPG,DJI_0414.JPG,DJI_0415.JPG,DJI_0461.JPG,DJI_0462.JPG,DJI_0463.JPG,DJI_0464.JPG,DJI_0476.JPG,DJI_0477.JPG,DJI_0478.JPG,DJI_0479.JPG,DJI_0525.JPG,DJI_0526.JPG,DJI_0527.JPG,DJI_0528.JPG,DJI_0540.JPG,DJI_0549.JPG,DJI_0550.JPG,DJI_0551.JPG,DJI_0599.JPG,DJI_0600.JPG ,
 ,
0:0:9:800,DJI_0340.JPG,DJI_0352.JPG,DJI_0353.JPG,DJI_0354.JPG,DJI_0398.JPG,DJI_0399.JPG,DJI_0400.JPG,DJI_0401.JPG,DJI_0412.JPG,DJI_0413.JPG,DJI_0414.JPG,DJI_0415.JPG,DJI_0461.JPG,DJI_0462.JPG,DJI_0463.JPG,DJI_0464.JPG,DJI_0476.JPG,DJI_0477.JPG,DJI_0478.JPG,DJI_0479.JPG,DJI_0525.JPG,DJI_0526.JPG,DJI_0527.JPG,DJI_0528.JPG,DJI_0540.JPG,DJI_0549.JPG,DJI_0550.JPG ,
 ,
0:0:9:900,DJI_0340.JPG,DJI_0341.JPG,DJI_0352.JPG,DJI_0353.JPG,DJI_0354.JPG,DJI_0398.JPG,DJI_0399.JPG,DJI_0400.JPG,DJI_0401.JPG,DJI_0412.JPG,DJI_0413.JPG,DJI_0414.JPG,DJI_0415.JPG,DJI_0461.JPG,DJI_0462.JPG,DJI_0463.JPG,DJI_0464.JPG,DJI_0476.JPG,DJI_0477.JPG,DJI_0478.JPG,DJI_0479.JPG,DJI_0525.JPG,DJI_0526.JPG,DJI_0527.JPG,DJI_0528.JPG,DJI_0540.JPG,DJI_0549.JPG,DJI_0550.JPG ,
 ,
0:0:10:0,DJI_0340.JPG,DJI_0341.JPG,DJI_0352.JPG,DJI_0353.JPG,DJI_0354.JPG,DJI_0398.JPG,DJI_0399.JPG,DJI_0400.JPG,DJI_0401.JPG,DJI_0412.JPG,DJI_0413.JPG,DJI_0414.JPG,DJI_0415.JPG,DJI_0460.JPG,DJI_0461.JPG,DJI_0462.JPG,DJI_0463.JPG,DJI_0476.JPG,DJI_0477.JPG,DJI_0478.JPG,DJI_0479.JPG,DJI_0525.JPG,DJI_0526.JPG,DJI_0527.JPG,DJI_0540.JPG,DJI_0549.JPG,DJI_0550.JPG ,
 ,
0:0:10:100,DJI_0339.JPG,DJI_0340.JPG,DJI_0341.JPG,DJI_0352.JPG,DJI_0353.JPG,DJI_0354.JPG,DJI_0398.JPG,DJI_0399.JPG,DJI_0400.JPG,DJI_0412.JPG,DJI_0413.JPG,DJI_0414.JPG,DJI_0415.JPG,DJI_0460.JPG,DJI_0461.JPG,DJI_0462.JPG,DJI_0463.JPG,DJI_0476.JPG,DJI_0477.JPG,DJI_0478.JPG,DJI_0479.JPG,DJI_0525.JPG,DJI_0526.JPG,DJI_0527.JPG,DJI_0540.JPG,DJI_0550.JPG ,
 ,
0:0:10:200,DJI_0339.JPG,DJI_0340.JPG,DJI_0341.JPG,DJI_0352.JPG,DJI_0353.JPG,DJI_0354.JPG,DJI_0397.JPG,DJI_0398.JPG,DJI_0399.JPG,DJI_0400.JPG,DJI_0413.JPG,DJI_0414.JPG,DJI_0415.JPG,DJI_0416.JPG,DJI_0460.JPG,DJI_0461.JPG,DJI_0462.JPG,DJI_0463.JPG,DJI_0477.JPG,DJI_0478.JPG,DJI_0479.JPG,DJI_0525.JPG,DJI_0526.JPG,DJI_0527.JPG ,
 ,
0:0:10:300,DJI_0293.JPG,DJI_0294.JPG,DJI_0339.JPG,DJI_0340.JPG,DJI_0341.JPG,DJI_0352.JPG,DJI_0353.JPG,DJI_0354.JPG,DJI_0355.JPG,DJI_0397.JPG,DJI_0398.JPG,DJI_0399.JPG,DJI_0400.JPG,DJI_0413.JPG,DJI_0414.JPG,DJI_0415.JPG,DJI_0416.JPG,DJI_0460.JPG,DJI_0461.JPG,DJI_0462.JPG,DJI_0463.JPG,DJI_0477.JPG,DJI_0478.JPG,DJI_0479.JPG,DJI_0525.JPG,DJI_0526.JPG ,
 ,
0:0:10:400,DJI_0293.JPG,DJI_0294.JPG,DJI_0339.JPG,DJI_0340.JPG,DJI_0341.JPG,DJI_0352.JPG,DJI_0353.JPG,DJI_0354.JPG,DJI_0355.JPG,DJI_0397.JPG,DJI_0398.JPG,DJI_0399.JPG,DJI_0400.JPG,DJI_0413.JPG,DJI_0414.JPG,DJI_0415.JPG,DJI_0416.JPG,DJI_0460.JPG,DJI_0461.JPG,DJI_0462.JPG,DJI_0463.JPG,DJI_0477.JPG,DJI_0478.JPG,DJI_0479.JPG,DJI_0525.JPG,DJI_0526.JPG ,
 ,
0:0:10:500,DJI_0293.JPG,DJI_0294.JPG,DJI_0295.JPG,DJI_0338.JPG,DJI_0339.JPG,DJI_0340.JPG,DJI_0352.JPG,DJI_0353.JPG,DJI_0354.JPG,DJI_0355.JPG,DJI_0397.JPG,DJI_0398.JPG,DJI_0399.JPG,DJI_0400.JPG,DJI_0413.JPG,DJI_0414.JPG,DJI_0415.JPG,DJI_0416.JPG,DJI_0460.JPG,DJI_0461.JPG,DJI_0462.JPG,DJI_0478.JPG,DJI_0479.JPG,DJI_0480.JPG,DJI_0525.JPG,DJI_0526.JPG ,
 ,
0:0:10:600,DJI_0293.JPG,DJI_0294.JPG,DJI_0295.JPG,DJI_0338.JPG,DJI_0339.JPG,DJI_0340.JPG,DJI_0353.JPG,DJI_0354.JPG,DJI_0355.JPG,DJI_0397.JPG,DJI_0398.JPG,DJI_0399.JPG,DJI_0400.JPG,DJI_0414.JPG,DJI_0415.JPG,DJI_0416.JPG,DJI_0459.JPG,DJI_0460.JPG,DJI_0461.JPG,DJI_0462.JPG,DJI_0478.JPG,DJI_0479.JPG,DJI_0480.JPG,DJI_0525.JPG ,
 ,
0:0:10:700,DJI_0279.JPG,DJI_0280.JPG,DJI_0281.JPG,DJI_0294.JPG,DJI_0295.JPG,DJI_0296.JPG,DJI_0337.JPG,DJI_0338.JPG,DJI_0339.JPG,DJI_0340.JPG,DJI_0353.JPG,DJI_0354.JPG,DJI_0355.JPG,DJI_0356.JPG,DJI_0396.JPG,DJI_0397.JPG,DJI_0398.JPG,DJI_0399.JPG,DJI_0414.JPG,DJI_0415.JPG,DJI_0416.JPG,DJI_0417.JPG,DJI_0459.JPG,DJI_0460.JPG,DJI_0461.JPG,DJI_0479.JPG,DJI_0480.JPG ,
 ,
0:0:10:800,DJI_0279.JPG,DJI_0280.JPG,DJI_0281.JPG,DJI_0294.JPG,DJI_0295.JPG,DJI_0296.JPG,DJI_0337.JPG,DJI_0338.JPG,DJI_0339.JPG,DJI_0340.JPG,DJI_0353.JPG,DJI_0354.JPG,DJI_0355.JPG,DJI_0356.JPG,DJI_0396.JPG,DJI_0397.JPG,DJI_0398.JPG,DJI_0399.JPG,DJI_0415.JPG,DJI_0416.JPG,DJI_0417.JPG,DJI_0459.JPG,DJI_0460.JPG,DJI_0461.JPG,DJI_0479.JPG,DJI_0480.JPG ,
 ,
0:0:10:900,DJI_0239.JPG,DJI_0240.JPG,DJI_0279.JPG,DJI_0280.JPG,DJI_0281.JPG,DJI_0294.JPG,DJI_0295.JPG,DJI_0296.JPG,DJI_0297.JPG,DJI_0336.JPG,DJI_0337.JPG,DJI_0338.JPG,DJI_0339.JPG,DJI_0354.JPG,DJI_0355.JPG,DJI_0356.JPG,DJI_0357.JPG,DJI_0396.JPG,DJI_0397.JPG,DJI_0398.JPG,DJI_0415.JPG,DJI_0416.JPG,DJI_0417.JPG,DJI_0459.JPG,DJI_0460.JPG ,
 ,
0:0:11:0,DJI_0225.JPG,DJI_0226.JPG,DJI_0227.JPG,DJI_0240.JPG,DJI_0241.JPG,DJI_0242.JPG,DJI_0277.JPG,DJI_0278.JPG,DJI_0279.JPG,DJI_0280.JPG,DJI_0295.JPG,DJI_0296.JPG,DJI_0297.JPG,DJI_0298.JPG,DJI_0335.JPG,DJI_0336.JPG,DJI_0337.JPG,DJI_0338.JPG,DJI_0355.JPG,DJI_0356.JPG,DJI_0357.JPG,DJI_0358.JPG,DJI_0395.JPG,DJI_0396.JPG,DJI_0397.JPG,DJI_0417.JPG,DJI_0418.JPG ,
 ,
0:0:11:100,DJI_0187.JPG,DJI_0225.JPG,DJI_0226.JPG,DJI_0227.JPG,DJI_0240.JPG,DJI_0241.JPG,DJI_0242.JPG,DJI_0277.JPG,DJI_0278.JPG,DJI_0279.JPG,DJI_0280.JPG,DJI_0295.JPG,DJI_0296.JPG,DJI_0297.JPG,DJI_0298.JPG,DJI_0335.JPG,DJI_0336.JPG,DJI_0337.JPG,DJI_0338.JPG,DJI_0355.JPG,DJI_0356.JPG,DJI_0357.JPG,DJI_0358.JPG,DJI_0395.JPG,DJI_0396.JPG ,
 ,
0:0:11:200,DJI_0187.JPG,DJI_0225.JPG,DJI_0226.JPG,DJI_0227.JPG,DJI_0240.JPG,DJI_0241.JPG,DJI_0242.JPG,DJI_0277.JPG,DJI_0278.JPG,DJI_0279.JPG,DJI_0280.JPG,DJI_0295.JPG,DJI_0296.JPG,DJI_0297.JPG,DJI_0298.JPG,DJI_0335.JPG,DJI_0336.JPG,DJI_0337.JPG,DJI_0338.JPG,DJI_0355.JPG,DJI_0356.JPG,DJI_0357.JPG,DJI_0358.JPG,DJI_0395.JPG,DJI_0396.JPG ,
 ,
0:0:11:300,DJI_0187.JPG,DJI_0225.JPG,DJI_0226.JPG,DJI_0227.JPG,DJI_0240.JPG,DJI_0241.JPG,DJI_0242.JPG,DJI_0277.JPG,DJI_0278.JPG,DJI_0279.JPG,DJI_0280.JPG,DJI_0295.JPG,DJI_0296.JPG,DJI_0297.JPG,DJI_0298.JPG,DJI_0335.JPG,DJI_0336.JPG,DJI_0337.JPG,DJI_0338.JPG,DJI_0355.JPG,DJI_0356.JPG,DJI_0357.JPG,DJI_0358.JPG,DJI_0395.JPG,DJI_0396.JPG ,
 ,
0:0:11:400,DJI_0187.JPG,DJI_0225.JPG,DJI_0226.JPG,DJI_0227.JPG,DJI_0240.JPG,DJI_0241.JPG,DJI_0242.JPG,DJI_0277.JPG,DJI_0278.JPG,DJI_0279.JPG,DJI_0280.JPG,DJI_0295.JPG,DJI_0296.JPG,DJI_0297.JPG,DJI_0298.JPG,DJI_0335.JPG,DJI_0336.JPG,DJI_0337.JPG,DJI_0338.JPG,DJI_0355.JPG,DJI_0356.JPG,DJI_0357.JPG,DJI_0358.JPG,DJI_0395.JPG,DJI_0396.JPG ,
 ,
0:0:11:500,DJI_0187.JPG,DJI_0188.JPG,DJI_0225.JPG,DJI_0226.JPG,DJI_0227.JPG,DJI_0240.JPG,DJI_0241.JPG,DJI_0242.JPG,DJI_0277.JPG,DJI_0278.JPG,DJI_0279.JPG,DJI_0280.JPG,DJI_0295.JPG,DJI_0296.JPG,DJI_0297.JPG,DJI_0298.JPG,DJI_0335.JPG,DJI_0336.JPG,DJI_0337.JPG,DJI_0338.JPG,DJI_0356.JPG,DJI_0357.JPG,DJI_0358.JPG,DJI_0395.JPG,DJI_0396.JPG ,
 ,
0:0:11:600,DJI_0187.JPG,DJI_0188.JPG,DJI_0225.JPG,DJI_0226.JPG,DJI_0227.JPG,DJI_0240.JPG,DJI_0241.JPG,DJI_0242.JPG,DJI_0277.JPG,DJI_0278.JPG,DJI_0279.JPG,DJI_0280.JPG,DJI_0295.JPG,DJI_0296.JPG,DJI_0297.JPG,DJI_0298.JPG,DJI_0335.JPG,DJI_0336.JPG,DJI_0337.JPG,DJI_0338.JPG,DJI_0356.JPG,DJI_0357.JPG,DJI_0358.JPG,DJI_0395.JPG,DJI_0396.JPG ,
 ,
0:0:11:700,DJI_0187.JPG,DJI_0188.JPG,DJI_0225.JPG,DJI_0226.JPG,DJI_0227.JPG,DJI_0240.JPG,DJI_0241.JPG,DJI_0242.JPG,DJI_0243.JPG,DJI_0276.JPG,DJI_0277.JPG,DJI_0278.JPG,DJI_0279.JPG,DJI_0296.JPG,DJI_0297.JPG,DJI_0298.JPG,DJI_0335.JPG,DJI_0336.JPG,DJI_0337.JPG,DJI_0338.JPG,DJI_0356.JPG,DJI_0357.JPG,DJI_0358.JPG ,
 ,
0:0:11:800,DJI_0187.JPG,DJI_0188.JPG,DJI_0224.JPG,DJI_0225.JPG,DJI_0226.JPG,DJI_0227.JPG,DJI_0240.JPG,DJI_0241.JPG,DJI_0242.JPG,DJI_0243.JPG,DJI_0276.JPG,DJI_0277.JPG,DJI_0278.JPG,DJI_0279.JPG,DJI_0296.JPG,DJI_0297.JPG,DJI_0298.JPG,DJI_0335.JPG,DJI_0336.JPG,DJI_0337.JPG,DJI_0338.JPG,DJI_0356.JPG,DJI_0357.JPG,DJI_0358.JPG ,
 ,
0:0:11:900,DJI_0187.JPG,DJI_0188.JPG,DJI_0224.JPG,DJI_0225.JPG,DJI_0226.JPG,DJI_0227.JPG,DJI_0240.JPG,DJI_0241.JPG,DJI_0242.JPG,DJI_0243.JPG,DJI_0276.JPG,DJI_0277.JPG,DJI_0278.JPG,DJI_0279.JPG,DJI_0296.JPG,DJI_0297.JPG,DJI_0298.JPG,DJI_0335.JPG,DJI_0336.JPG,DJI_0337.JPG,DJI_0356.JPG,DJI_0357.JPG,DJI_0358.JPG ,
 ,
0:0:12:0,DJI_0173.JPG,DJI_0187.JPG,DJI_0188.JPG,DJI_0224.JPG,DJI_0225.JPG,DJI_0226.JPG,DJI_0227.JPG,DJI_0240.JPG,DJI_0241.JPG,DJI_0242.JPG,DJI_0243.JPG,DJI_0276.JPG,DJI_0277.JPG,DJI_0278.JPG,DJI_0279.JPG,DJI_0296.JPG,DJI_0297.JPG,DJI_0298.JPG,DJI_0335.JPG,DJI_0336.JPG,DJI_0337.JPG,DJI_0356.JPG,DJI_0357.JPG,DJI_0358.JPG ,
 ,
0:0:12:100,DJI_0173.JPG,DJI_0186.JPG,DJI_0187.JPG,DJI_0188.JPG,DJI_0224.JPG,DJI_0225.JPG,DJI_0226.JPG,DJI_0227.JPG,DJI_0240.JPG,DJI_0241.JPG,DJI_0242.JPG,DJI_0243.JPG,DJI_0276.JPG,DJI_0277.JPG,DJI_0278.JPG,DJI_0279.JPG,DJI_0296.JPG,DJI_0297.JPG,DJI_0298.JPG,DJI_0335.JPG,DJI_0336.JPG,DJI_0337.JPG,DJI_0356.JPG,DJI_0357.JPG,DJI_0358.JPG ,
 ,
0:0:12:200,DJI_0172.JPG,DJI_0173.JPG,DJI_0187.JPG,DJI_0188.JPG,DJI_0189.JPG,DJI_0224.JPG,DJI_0225.JPG,DJI_0226.JPG,DJI_0227.JPG,DJI_0240.JPG,DJI_0241.JPG,DJI_0242.JPG,DJI_0243.JPG,DJI_0276.JPG,DJI_0277.JPG,DJI_0278.JPG,DJI_0279.JPG,DJI_0296.JPG,DJI_0297.JPG,DJI_0298.JPG,DJI_0299.JPG,DJI_0335.JPG,DJI_0336.JPG,DJI_0337.JPG,DJI_0356.JPG,DJI_0357.JPG,DJI_0358.JPG ,
 ,
0:0:12:300,DJI_0172.JPG,DJI_0173.JPG,DJI_0186.JPG,DJI_0187.JPG,DJI_0188.JPG,DJI_0189.JPG,DJI_0224.JPG,DJI_0225.JPG,DJI_0226.JPG,DJI_0227.JPG,DJI_0240.JPG,DJI_0241.JPG,DJI_0242.JPG,DJI_0243.JPG,DJI_0276.JPG,DJI_0277.JPG,DJI_0278.JPG,DJI_0279.JPG,DJI_0296.JPG,DJI_0297.JPG,DJI_0298.JPG,DJI_0299.JPG,DJI_0335.JPG,DJI_0336.JPG,DJI_0337.JPG,DJI_0357.JPG ,
 ,
0:0:12:400,DJI_0172.JPG,DJI_0173.JPG,DJI_0186.JPG,DJI_0187.JPG,DJI_0188.JPG,DJI_0189.JPG,DJI_0224.JPG,DJI_0225.JPG,DJI_0226.JPG,DJI_0227.JPG,DJI_0240.JPG,DJI_0241.JPG,DJI_0242.JPG,DJI_0243.JPG,DJI_0276.JPG,DJI_0277.JPG,DJI_0278.JPG,DJI_0279.JPG,DJI_0296.JPG,DJI_0297.JPG,DJI_0298.JPG,DJI_0335.JPG,DJI_0336.JPG,DJI_0337.JPG,DJI_0357.JPG ,
 ,
0:0:12:500,DJI_0172.JPG,DJI_0173.JPG,DJI_0186.JPG,DJI_0187.JPG,DJI_0188.JPG,DJI_0189.JPG,DJI_0224.JPG,DJI_0225.JPG,DJI_0226.JPG,DJI_0227.JPG,DJI_0240.JPG,DJI_0241.JPG,DJI_0242.JPG,DJI_0243.JPG,DJI_0276.JPG,DJI_0277.JPG,DJI_0278.JPG,DJI_0279.JPG,DJI_0296.JPG,DJI_0297.JPG,DJI_0298.JPG,DJI_0299.JPG,DJI_0335.JPG,DJI_0336.JPG,DJI_0337.JPG,DJI_0357.JPG ,
 ,
0:0:12:600,DJI_0172.JPG,DJI_0173.JPG,DJI_0186.JPG,DJI_0187.JPG,DJI_0188.JPG,DJI_0189.JPG,DJI_0224.JPG,DJI_0225.JPG,DJI_0226.JPG,DJI_0227.JPG,DJI_0240.JPG,DJI_0241.JPG,DJI_0242.JPG,DJI_0243.JPG,DJI_0276.JPG,DJI_0277.JPG,DJI_0278.JPG,DJI_0279.JPG,DJI_0296.JPG,DJI_0297.JPG,DJI_0298.JPG,DJI_0335.JPG,DJI_0336.JPG,DJI_0337.JPG,DJI_0357.JPG ,
 ,
0:0:12:700,DJI_0134.JPG,DJI_0172.JPG,DJI_0173.JPG,DJI_0174.JPG,DJI_0186.JPG,DJI_0187.JPG,DJI_0188.JPG,DJI_0189.JPG,DJI_0224.JPG,DJI_0225.JPG,DJI_0226.JPG,DJI_0227.JPG,DJI_0240.JPG,DJI_0241.JPG,DJI_0242.JPG,DJI_0243.JPG,DJI_0276.JPG,DJI_0277.JPG,DJI_0278.JPG,DJI_0279.JPG,DJI_0296.JPG,DJI_0297.JPG,DJI_0298.JPG,DJI_0335.JPG,DJI_0336.JPG,DJI_0337.JPG ,
 ,
0:0:12:800,DJI_0134.JPG,DJI_0172.JPG,DJI_0173.JPG,DJI_0174.JPG,DJI_0186.JPG,DJI_0187.JPG,DJI_0188.JPG,DJI_0189.JPG,DJI_0224.JPG,DJI_0225.JPG,DJI_0226.JPG,DJI_0227.JPG,DJI_0240.JPG,DJI_0241.JPG,DJI_0242.JPG,DJI_0243.JPG,DJI_0276.JPG,DJI_0277.JPG,DJI_0278.JPG,DJI_0279.JPG,DJI_0296.JPG,DJI_0297.JPG,DJI_0298.JPG,DJI_0335.JPG,DJI_0336.JPG,DJI_0337.JPG ,
 ,
0:0:12:900,DJI_0134.JPG,DJI_0135.JPG,DJI_0172.JPG,DJI_0173.JPG,DJI_0174.JPG,DJI_0186.JPG,DJI_0187.JPG,DJI_0188.JPG,DJI_0189.JPG,DJI_0224.JPG,DJI_0225.JPG,DJI_0226.JPG,DJI_0227.JPG,DJI_0240.JPG,DJI_0241.JPG,DJI_0242.JPG,DJI_0243.JPG,DJI_0276.JPG,DJI_0277.JPG,DJI_0278.JPG,DJI_0279.JPG,DJI_0296.JPG,DJI_0297.JPG,DJI_0298.JPG,DJI_0335.JPG,DJI_0336.JPG,DJI_0337.JPG ,
 ,
0:0:13:0,DJI_0134.JPG,DJI_0135.JPG,DJI_0172.JPG,DJI_0173.JPG,DJI_0174.JPG,DJI_0186.JPG,DJI_0187.JPG,DJI_0188.JPG,DJI_0189.JPG,DJI_0224.JPG,DJI_0225.JPG,DJI_0226.JPG,DJI_0227.JPG,DJI_0240.JPG,DJI_0241.JPG,DJI_0242.JPG,DJI_0243.JPG,DJI_0276.JPG,DJI_0277.JPG,DJI_0278.JPG,DJI_0279.JPG,DJI_0296.JPG,DJI_0297.JPG,DJI_0298.JPG,DJI_0336.JPG ,
 ,
0:0:13:100,DJI_0134.JPG,DJI_0135.JPG,DJI_0172.JPG,DJI_0173.JPG,DJI_0174.JPG,DJI_0186.JPG,DJI_0187.JPG,DJI_0188.JPG,DJI_0189.JPG,DJI_0224.JPG,DJI_0225.JPG,DJI_0226.JPG,DJI_0227.JPG,DJI_0240.JPG,DJI_0241.JPG,DJI_0242.JPG,DJI_0243.JPG,DJI_0276.JPG,DJI_0277.JPG,DJI_0278.JPG,DJI_0279.JPG,DJI_0296.JPG,DJI_0297.JPG,DJI_0298.JPG,DJI_0336.JPG ,
 ,
0:0:13:200,DJI_0133.JPG,DJI_0134.JPG,DJI_0135.JPG,DJI_0171.JPG,DJI_0172.JPG,DJI_0173.JPG,DJI_0174.JPG,DJI_0186.JPG,DJI_0187.JPG,DJI_0188.JPG,DJI_0189.JPG,DJI_0224.JPG,DJI_0225.JPG,DJI_0226.JPG,DJI_0227.JPG,DJI_0240.JPG,DJI_0241.JPG,DJI_0242.JPG,DJI_0243.JPG,DJI_0276.JPG,DJI_0277.JPG,DJI_0278.JPG,DJI_0279.JPG,DJI_0296.JPG,DJI_0297.JPG,DJI_0298.JPG,DJI_0336.JPG ,
 ,
0:0:13:300,DJI_0133.JPG,DJI_0134.JPG,DJI_0135.JPG,DJI_0171.JPG,DJI_0172.JPG,DJI_0173.JPG,DJI_0174.JPG,DJI_0186.JPG,DJI_0187.JPG,DJI_0188.JPG,DJI_0189.JPG,DJI_0224.JPG,DJI_0225.JPG,DJI_0226.JPG,DJI_0227.JPG,DJI_0240.JPG,DJI_0241.JPG,DJI_0242.JPG,DJI_0243.JPG,DJI_0276.JPG,DJI_0277.JPG,DJI_0278.JPG,DJI_0279.JPG,DJI_0296.JPG,DJI_0297.JPG,DJI_0298.JPG,DJI_0336.JPG ,
 ,
0:0:13:400,DJI_0120.JPG,DJI_0133.JPG,DJI_0134.JPG,DJI_0135.JPG,DJI_0171.JPG,DJI_0172.JPG,DJI_0173.JPG,DJI_0174.JPG,DJI_0186.JPG,DJI_0187.JPG,DJI_0188.JPG,DJI_0189.JPG,DJI_0224.JPG,DJI_0225.JPG,DJI_0226.JPG,DJI_0227.JPG,DJI_0240.JPG,DJI_0241.JPG,DJI_0242.JPG,DJI_0243.JPG,DJI_0276.JPG,DJI_0277.JPG,DJI_0278.JPG,DJI_0279.JPG,DJI_0296.JPG,DJI_0297.JPG,DJI_0298.JPG ,
 ,
0:0:13:500,DJI_0120.JPG,DJI_0133.JPG,DJI_0134.JPG,DJI_0135.JPG,DJI_0171.JPG,DJI_0172.JPG,DJI_0173.JPG,DJI_0174.JPG,DJI_0186.JPG,DJI_0187.JPG,DJI_0188.JPG,DJI_0189.JPG,DJI_0224.JPG,DJI_0225.JPG,DJI_0226.JPG,DJI_0227.JPG,DJI_0240.JPG,DJI_0241.JPG,DJI_0242.JPG,DJI_0243.JPG,DJI_0277.JPG,DJI_0278.JPG,DJI_0279.JPG,DJI_0296.JPG,DJI_0297.JPG,DJI_0298.JPG ,
 ,
0:0:13:600,DJI_0120.JPG,DJI_0133.JPG,DJI_0134.JPG,DJI_0135.JPG,DJI_0171.JPG,DJI_0172.JPG,DJI_0173.JPG,DJI_0174.JPG,DJI_0186.JPG,DJI_0187.JPG,DJI_0188.JPG,DJI_0189.JPG,DJI_0224.JPG,DJI_0225.JPG,DJI_0226.JPG,DJI_0227.JPG,DJI_0240.JPG,DJI_0241.JPG,DJI_0242.JPG,DJI_0243.JPG,DJI_0277.JPG,DJI_0278.JPG,DJI_0279.JPG,DJI_0296.JPG,DJI_0297.JPG,DJI_0298.JPG ,
 ,
0:0:13:700,DJI_0120.JPG,DJI_0121.JPG,DJI_0133.JPG,DJI_0134.JPG,DJI_0135.JPG,DJI_0172.JPG,DJI_0173.JPG,DJI_0174.JPG,DJI_0186.JPG,DJI_0187.JPG,DJI_0188.JPG,DJI_0189.JPG,DJI_0224.JPG,DJI_0225.JPG,DJI_0226.JPG,DJI_0227.JPG,DJI_0240.JPG,DJI_0241.JPG,DJI_0242.JPG,DJI_0277.JPG,DJI_0278.JPG,DJI_0279.JPG,DJI_0296.JPG,DJI_0297.JPG ,
 ,
0:0:13:800,DJI_0120.JPG,DJI_0121.JPG,DJI_0133.JPG,DJI_0134.JPG,DJI_0135.JPG,DJI_0172.JPG,DJI_0173.JPG,DJI_0174.JPG,DJI_0186.JPG,DJI_0187.JPG,DJI_0188.JPG,DJI_0189.JPG,DJI_0224.JPG,DJI_0225.JPG,DJI_0226.JPG,DJI_0227.JPG,DJI_0240.JPG,DJI_0241.JPG,DJI_0242.JPG,DJI_0277.JPG,DJI_0278.JPG,DJI_0279.JPG,DJI_0296.JPG,DJI_0297.JPG ,
 ,
0:0:13:900,DJI_0120.JPG,DJI_0121.JPG,DJI_0133.JPG,DJI_0134.JPG,DJI_0135.JPG,DJI_0172.JPG,DJI_0173.JPG,DJI_0174.JPG,DJI_0186.JPG,DJI_0187.JPG,DJI_0188.JPG,DJI_0189.JPG,DJI_0224.JPG,DJI_0225.JPG,DJI_0226.JPG,DJI_0227.JPG,DJI_0240.JPG,DJI_0241.JPG,DJI_0242.JPG,DJI_0277.JPG,DJI_0278.JPG,DJI_0279.JPG,DJI_0296.JPG,DJI_0297.JPG ,
 ,
0:0:14:0,DJI_0120.JPG,DJI_0121.JPG,DJI_0133.JPG,DJI_0134.JPG,DJI_0135.JPG,DJI_0172.JPG,DJI_0173.JPG,DJI_0174.JPG,DJI_0175.JPG,DJI_0186.JPG,DJI_0187.JPG,DJI_0188.JPG,DJI_0189.JPG,DJI_0224.JPG,DJI_0225.JPG,DJI_0226.JPG,DJI_0227.JPG,DJI_0240.JPG,DJI_0241.JPG,DJI_0242.JPG,DJI_0277.JPG,DJI_0278.JPG,DJI_0279.JPG,DJI_0296.JPG,DJI_0297.JPG ,
 ,
0:0:14:100,DJI_0120.JPG,DJI_0121.JPG,DJI_0122.JPG,DJI_0132.JPG,DJI_0133.JPG,DJI_0134.JPG,DJI_0135.JPG,DJI_0172.JPG,DJI_0173.JPG,DJI_0174.JPG,DJI_0175.JPG,DJI_0185.JPG,DJI_0186.JPG,DJI_0187.JPG,DJI_0188.JPG,DJI_0225.JPG,DJI_0226.JPG,DJI_0227.JPG,DJI_0228.JPG,DJI_0239.JPG,DJI_0240.JPG,DJI_0241.JPG,DJI_0242.JPG,DJI_0278.JPG,DJI_0279.JPG ,
 ,
0:0:14:200,DJI_0080.JPG,DJI_0120.JPG,DJI_0121.JPG,DJI_0122.JPG,DJI_0132.JPG,DJI_0133.JPG,DJI_0134.JPG,DJI_0172.JPG,DJI_0173.JPG,DJI_0174.JPG,DJI_0175.JPG,DJI_0185.JPG,DJI_0186.JPG,DJI_0187.JPG,DJI_0188.JPG,DJI_0225.JPG,DJI_0226.JPG,DJI_0227.JPG,DJI_0228.JPG,DJI_0239.JPG,DJI_0240.JPG,DJI_0241.JPG,DJI_0242.JPG,DJI_0278.JPG,DJI_0279.JPG,DJI_0280.JPG ,
 ,
0:0:14:300,DJI_0080.JPG,DJI_0120.JPG,DJI_0121.JPG,DJI_0122.JPG,DJI_0132.JPG,DJI_0133.JPG,DJI_0134.JPG,DJI_0172.JPG,DJI_0173.JPG,DJI_0174.JPG,DJI_0175.JPG,DJI_0185.JPG,DJI_0186.JPG,DJI_0187.JPG,DJI_0188.JPG,DJI_0225.JPG,DJI_0226.JPG,DJI_0227.JPG,DJI_0228.JPG,DJI_0239.JPG,DJI_0240.JPG,DJI_0241.JPG,DJI_0278.JPG,DJI_0279.JPG,DJI_0280.JPG ,
 ,
0:0:14:400,DJI_0080.JPG,DJI_0121.JPG,DJI_0122.JPG,DJI_0131.JPG,DJI_0132.JPG,DJI_0133.JPG,DJI_0134.JPG,DJI_0173.JPG,DJI_0174.JPG,DJI_0175.JPG,DJI_0176.JPG,DJI_0184.JPG,DJI_0185.JPG,DJI_0186.JPG,DJI_0187.JPG,DJI_0188.JPG,DJI_0226.JPG,DJI_0227.JPG,DJI_0228.JPG,DJI_0239.JPG,DJI_0240.JPG,DJI_0241.JPG,DJI_0279.JPG,DJI_0280.JPG ,
 ,
0:0:14:500,DJI_0079.JPG,DJI_0121.JPG,DJI_0122.JPG,DJI_0123.JPG,DJI_0131.JPG,DJI_0132.JPG,DJI_0133.JPG,DJI_0134.JPG,DJI_0173.JPG,DJI_0174.JPG,DJI_0175.JPG,DJI_0176.JPG,DJI_0184.JPG,DJI_0185.JPG,DJI_0186.JPG,DJI_0187.JPG,DJI_0226.JPG,DJI_0227.JPG,DJI_0228.JPG,DJI_0229.JPG,DJI_0238.JPG,DJI_0239.JPG,DJI_0240.JPG,DJI_0241.JPG,DJI_0279.JPG,DJI_0280.JPG ,
 ,
0:0:14:600,DJI_0079.JPG,DJI_0121.JPG,DJI_0122.JPG,DJI_0123.JPG,DJI_0131.JPG,DJI_0132.JPG,DJI_0133.JPG,DJI_0173.JPG,DJI_0174.JPG,DJI_0175.JPG,DJI_0176.JPG,DJI_0184.JPG,DJI_0185.JPG,DJI_0186.JPG,DJI_0187.JPG,DJI_0226.JPG,DJI_0227.JPG,DJI_0228.JPG,DJI_0229.JPG,DJI_0238.JPG,DJI_0239.JPG,DJI_0240.JPG,DJI_0279.JPG,DJI_0280.JPG,DJI_0281.JPG ,
 ,
0:0:14:700,DJI_0079.JPG,DJI_0121.JPG,DJI_0122.JPG,DJI_0123.JPG,DJI_0130.JPG,DJI_0131.JPG,DJI_0132.JPG,DJI_0133.JPG,DJI_0174.JPG,DJI_0175.JPG,DJI_0176.JPG,DJI_0177.JPG,DJI_0183.JPG,DJI_0184.JPG,DJI_0185.JPG,DJI_0186.JPG,DJI_0187.JPG,DJI_0227.JPG,DJI_0228.JPG,DJI_0229.JPG,DJI_0238.JPG,DJI_0239.JPG,DJI_0240.JPG,DJI_0280.JPG,DJI_0281.JPG ,
 ,
0:0:14:800,DJI_0078.JPG,DJI_0079.JPG,DJI_0122.JPG,DJI_0123.JPG,DJI_0124.JPG,DJI_0130.JPG,DJI_0131.JPG,DJI_0132.JPG,DJI_0133.JPG,DJI_0174.JPG,DJI_0175.JPG,DJI_0176.JPG,DJI_0177.JPG,DJI_0183.JPG,DJI_0184.JPG,DJI_0185.JPG,DJI_0186.JPG,DJI_0227.JPG,DJI_0228.JPG,DJI_0229.JPG,DJI_0230.JPG,DJI_0237.JPG,DJI_0238.JPG,DJI_0239.JPG,DJI_0240.JPG,DJI_0280.JPG,DJI_0281.JPG ,
 ,
0:0:14:900,DJI_0078.JPG,DJI_0122.JPG,DJI_0123.JPG,DJI_0124.JPG,DJI_0130.JPG,DJI_0131.JPG,DJI_0132.JPG,DJI_0174.JPG,DJI_0175.JPG,DJI_0176.JPG,DJI_0177.JPG,DJI_0183.JPG,DJI_0184.JPG,DJI_0185.JPG,DJI_0186.JPG,DJI_0227.JPG,DJI_0228.JPG,DJI_0229.JPG,DJI_0230.JPG,DJI_0237.JPG,DJI_0238.JPG,DJI_0239.JPG,DJI_0280.JPG,DJI_0281.JPG,DJI_0282.JPG ,
 ,
0:0:15:0,DJI_0077.JPG,DJI_0078.JPG,DJI_0123.JPG,DJI_0124.JPG,DJI_0125.JPG,DJI_0129.JPG,DJI_0130.JPG,DJI_0131.JPG,DJI_0132.JPG,DJI_0175.JPG,DJI_0176.JPG,DJI_0177.JPG,DJI_0178.JPG,DJI_0182.JPG,DJI_0183.JPG,DJI_0184.JPG,DJI_0185.JPG,DJI_0228.JPG,DJI_0229.JPG,DJI_0230.JPG,DJI_0231.JPG,DJI_0236.JPG,DJI_0237.JPG,DJI_0238.JPG,DJI_0239.JPG,DJI_0281.JPG,DJI_0282.JPG ,
 ,
0:0:15:100,DJI_0077.JPG,DJI_0078.JPG,DJI_0123.JPG,DJI_0124.JPG,DJI_0125.JPG,DJI_0129.JPG,DJI_0130.JPG,DJI_0131.JPG,DJI_0132.JPG,DJI_0175.JPG,DJI_0176.JPG,DJI_0177.JPG,DJI_0178.JPG,DJI_0182.JPG,DJI_0183.JPG,DJI_0184.JPG,DJI_0185.JPG,DJI_0228.JPG,DJI_0229.JPG,DJI_0230.JPG,DJI_0231.JPG,DJI_0236.JPG,DJI_0237.JPG,DJI_0238.JPG,DJI_0239.JPG,DJI_0281.JPG,DJI_0282.JPG ,
 ,
0:0:15:200,DJI_0077.JPG,DJI_0123.JPG,DJI_0124.JPG,DJI_0125.JPG,DJI_0128.JPG,DJI_0129.JPG,DJI_0130.JPG,DJI_0131.JPG,DJI_0175.JPG,DJI_0176.JPG,DJI_0177.JPG,DJI_0178.JPG,DJI_0182.JPG,DJI_0183.JPG,DJI_0184.JPG,DJI_0185.JPG,DJI_0228.JPG,DJI_0229.JPG,DJI_0230.JPG,DJI_0231.JPG,DJI_0236.JPG,DJI_0237.JPG,DJI_0238.JPG,DJI_0281.JPG,DJI_0282.JPG,DJI_0283.JPG ,
 ,
0:0:15:300,DJI_0076.JPG,DJI_0077.JPG,DJI_0123.JPG,DJI_0124.JPG,DJI_0125.JPG,DJI_0126.JPG,DJI_0127.JPG,DJI_0128.JPG,DJI_0129.JPG,DJI_0130.JPG,DJI_0131.JPG,DJI_0176.JPG,DJI_0177.JPG,DJI_0178.JPG,DJI_0179.JPG,DJI_0182.JPG,DJI_0183.JPG,DJI_0184.JPG,DJI_0185.JPG,DJI_0228.JPG,DJI_0229.JPG,DJI_0230.JPG,DJI_0231.JPG,DJI_0236.JPG,DJI_0237.JPG,DJI_0238.JPG,DJI_0281.JPG,DJI_0282.JPG,DJI_0283.JPG ,
 ,
0:0:15:400,DJI_0075.JPG,DJI_0076.JPG,DJI_0077.JPG,DJI_0124.JPG,DJI_0125.JPG,DJI_0126.JPG,DJI_0127.JPG,DJI_0128.JPG,DJI_0129.JPG,DJI_0130.JPG,DJI_0131.JPG,DJI_0176.JPG,DJI_0177.JPG,DJI_0178.JPG,DJI_0179.JPG,DJI_0180.JPG,DJI_0181.JPG,DJI_0182.JPG,DJI_0183.JPG,DJI_0184.JPG,DJI_0229.JPG,DJI_0230.JPG,DJI_0231.JPG,DJI_0232.JPG,DJI_0235.JPG,DJI_0236.JPG,DJI_0237.JPG,DJI_0238.JPG,DJI_0282.JPG,DJI_0283.JPG ,
 ,
0:0:15:500,DJI_0075.JPG,DJI_0076.JPG,DJI_0077.JPG,DJI_0124.JPG,DJI_0125.JPG,DJI_0126.JPG,DJI_0127.JPG,DJI_0128.JPG,DJI_0129.JPG,DJI_0130.JPG,DJI_0176.JPG,DJI_0177.JPG,DJI_0178.JPG,DJI_0179.JPG,DJI_0180.JPG,DJI_0181.JPG,DJI_0182.JPG,DJI_0183.JPG,DJI_0184.JPG,DJI_0229.JPG,DJI_0230.JPG,DJI_0231.JPG,DJI_0232.JPG,DJI_0235.JPG,DJI_0236.JPG,DJI_0237.JPG,DJI_0282.JPG,DJI_0283.JPG ,
 ,
0:0:15:600,DJI_0075.JPG,DJI_0076.JPG,DJI_0124.JPG,DJI_0125.JPG,DJI_0126.JPG,DJI_0127.JPG,DJI_0128.JPG,DJI_0129.JPG,DJI_0130.JPG,DJI_0176.JPG,DJI_0177.JPG,DJI_0178.JPG,DJI_0179.JPG,DJI_0180.JPG,DJI_0181.JPG,DJI_0182.JPG,DJI_0183.JPG,DJI_0184.JPG,DJI_0229.JPG,DJI_0230.JPG,DJI_0231.JPG,DJI_0232.JPG,DJI_0235.JPG,DJI_0236.JPG,DJI_0237.JPG,DJI_0282.JPG,DJI_0283.JPG,DJI_0284.JPG ,
 ,
0:0:15:700,DJI_0075.JPG,DJI_0076.JPG,DJI_0124.JPG,DJI_0125.JPG,DJI_0126.JPG,DJI_0127.JPG,DJI_0128.JPG,DJI_0129.JPG,DJI_0130.JPG,DJI_0177.JPG,DJI_0178.JPG,DJI_0179.JPG,DJI_0180.JPG,DJI_0181.JPG,DJI_0182.JPG,DJI_0183.JPG,DJI_0184.JPG,DJI_0229.JPG,DJI_0230.JPG,DJI_0231.JPG,DJI_0232.JPG,DJI_0235.JPG,DJI_0236.JPG,DJI_0237.JPG,DJI_0283.JPG,DJI_0284.JPG ,
 ,
0:0:15:800,DJI_0075.JPG,DJI_0076.JPG,DJI_0125.JPG,DJI_0126.JPG,DJI_0127.JPG,DJI_0128.JPG,DJI_0129.JPG,DJI_0130.JPG,DJI_0177.JPG,DJI_0178.JPG,DJI_0179.JPG,DJI_0180.JPG,DJI_0181.JPG,DJI_0182.JPG,DJI_0183.JPG,DJI_0230.JPG,DJI_0231.JPG,DJI_0232.JPG,DJI_0233.JPG,DJI_0235.JPG,DJI_0236.JPG,DJI_0237.JPG,DJI_0283.JPG,DJI_0284.JPG ,
 ,
0:0:15:900,DJI_0075.JPG,DJI_0125.JPG,DJI_0126.JPG,DJI_0127.JPG,DJI_0128.JPG,DJI_0129.JPG,DJI_0177.JPG,DJI_0178.JPG,DJI_0179.JPG,DJI_0180.JPG,DJI_0181.JPG,DJI_0182.JPG,DJI_0183.JPG,DJI_0230.JPG,DJI_0231.JPG,DJI_0232.JPG,DJI_0233.JPG,DJI_0234.JPG,DJI_0235.JPG,DJI_0236.JPG,DJI_0283.JPG,DJI_0284.JPG,DJI_0285.JPG ,
 ,
0:0:16:0,DJI_0125.JPG,DJI_0126.JPG,DJI_0127.JPG,DJI_0128.JPG,DJI_0129.JPG,DJI_0178.JPG,DJI_0179.JPG,DJI_0180.JPG,DJI_0181.JPG,DJI_0182.JPG,DJI_0183.JPG,DJI_0231.JPG,DJI_0232.JPG,DJI_0233.JPG,DJI_0234.JPG,DJI_0235.JPG,DJI_0236.JPG,DJI_0284.JPG,DJI_0285.JPG ,
 ,
0:0:16:100,DJI_0180.JPG,DJI_0181.JPG,DJI_0232.JPG,DJI_0233.JPG,DJI_0234.JPG,DJI_0285.JPG,DJI_0286.JPG,DJI_0287.JPG ,
 ,
0:0:16:200 ,
 ,
0:0:16:300 ,
 ,
